

-- --------------------------------------------------------

--
-- Cấu trúc bảng cho bảng `author`
--

CREATE TABLE IF NOT EXISTS `author` (
  `id` int(11) NOT NULL,
  `fullname` varchar(100) NOT NULL,
  `email` varchar(100) NOT NULL,
  `url` varchar(300) NOT NULL,
  `image` varchar(200) NOT NULL,
  PRIMARY KEY (`id`)
) ENGINE=InnoDB DEFAULT CHARSET=utf8 COLLATE=utf8_persian_ci;

--
-- Đang đổ dữ liệu cho bảng `author`
--

INSERT INTO `author` (`id`, `fullname`, `email`, `url`, `image`) VALUES
(1, 'Nguyen Van Cuong', 'nvc@gmail.com', '/public/', 'public/setting/logo.png'),
(2, 'Nguyễn Đình Tú', 'nvc@gmail.com', '', ''),
(3, 'Nguyễn Đình Vượng', 'dung@gmail.com', '', ''),
(4, 'Lê Tiến Bảo', 'bao@gmail.com', '', ''),
(5, 'Đỗ Tiến Long', 'long@gmail.com', '', ''),
(6, 'Lê Văn Ba', 'ba@gmail.com', '', ''),
(7, 'Trần Quốc Chiến', 'chien@gmail.com', '', ''),
(8, 'Đỗ Chí Bình', 'binh@gmail.com', '', ''),
(9, 'Trần Tiến Dũng', 'dung@gmail.com', '', ''),
(10, 'Lê Quốc Bảo', 'baob@gmail.com', '', '');

-- --------------------------------------------------------

--
-- Cấu trúc bảng cho bảng `banners`
--

CREATE TABLE IF NOT EXISTS `banners` (
  `id` int(11) NOT NULL AUTO_INCREMENT,
  `image` varchar(191) NOT NULL,
  `url` varchar(191) NOT NULL,
  `type` int(11) NOT NULL,
  `created_at` datetime NOT NULL,
  `updated_at` datetime DEFAULT NULL,
  `id_post` int(11) DEFAULT NULL,
  PRIMARY KEY (`id`),
  KEY `id_post` (`id_post`)
) ENGINE=InnoDB AUTO_INCREMENT=358 DEFAULT CHARSET=utf8 COLLATE=utf8_general_ci;

--
-- Đang đổ dữ liệu cho bảng `banners`
--

INSERT INTO `banners` (`id`, `image`, `url`, `type`, `created_at`, `updated_at`, `id_post`) VALUES
(160, './public/post-image/2023-07-20-12-18-14-16898482949165.jpeg', '', 1, '2023-07-20 17:18:14', NULL, 153),
(161, './public/post-image/2023-07-20-12-18-14-16898482949189.jpeg', '', 0, '2023-07-20 17:18:14', NULL, 153),
(162, './public/post-image/2023-07-20-12-18-14-16898482949202.jpeg', '', 0, '2023-07-20 17:18:14', NULL, 153),
(163, './public/post-image/2023-07-20-12-18-14-16898482949227.jpeg', '', 0, '2023-07-20 17:18:14', NULL, 153),
(164, './public/post-image/2023-07-20-12-20-11-16898484116216.jpeg', '', 1, '2023-07-20 17:20:11', NULL, 154),
(165, './public/post-image/2023-07-20-12-20-11-16898484116249.jpeg', '', 0, '2023-07-20 17:20:11', NULL, 154),
(166, './public/post-image/2023-07-20-12-20-11-16898484116273.jpeg', '', 0, '2023-07-20 17:20:11', NULL, 154),
(167, './public/post-image/2023-07-20-12-20-11-16898484116326.jpeg', '', 0, '2023-07-20 17:20:11', NULL, 154),
(172, './public/post-image/2023-07-20-12-24-15-16898486558822.jpeg', '', 1, '2023-07-20 17:24:15', NULL, 156),
(173, './public/post-image/2023-07-20-12-24-15-16898486558853.jpeg', '', 0, '2023-07-20 17:24:15', NULL, 156),
(174, './public/post-image/2023-07-20-12-24-15-16898486558876.jpeg', '', 0, '2023-07-20 17:24:15', NULL, 156),
(175, './public/post-image/2023-07-20-12-24-15-16898486558896.jpeg', '', 0, '2023-07-20 17:24:15', NULL, 156),
(176, './public/post-image/2023-07-20-12-27-27-16898488479935.jpeg', '', 1, '2023-07-20 17:27:27', NULL, 157),
(177, './public/post-image/2023-07-20-12-27-27-16898488479963.jpeg', '', 0, '2023-07-20 17:27:27', NULL, 157),
(178, './public/post-image/2023-07-20-12-27-27-16898488479978.jpeg', '', 0, '2023-07-20 17:27:27', NULL, 157),
(179, './public/post-image/2023-07-20-12-27-27-16898488479999.jpeg', '', 0, '2023-07-20 17:27:28', NULL, 157),
(180, './public/post-image/2023-07-20-12-29-31-16898489711795.jpeg', '', 1, '2023-07-20 17:29:31', NULL, 158),
(181, './public/post-image/2023-07-20-12-29-31-16898489711855.jpeg', '', 0, '2023-07-20 17:29:31', NULL, 158),
(182, './public/post-image/2023-07-20-12-29-31-16898489711882.jpeg', '', 0, '2023-07-20 17:29:31', NULL, 158),
(183, './public/post-image/2023-07-20-12-29-31-16898489711899.jpeg', '', 0, '2023-07-20 17:29:31', NULL, 158),
(184, './public/post-image/2023-07-20-12-31-11-16898490713904.jpeg', '', 1, '2023-07-20 17:31:11', NULL, 159),
(185, './public/post-image/2023-07-20-12-31-11-16898490713939.jpeg', '', 0, '2023-07-20 17:31:11', NULL, 159),
(186, './public/post-image/2023-07-20-12-31-11-16898490713955.jpeg', '', 0, '2023-07-20 17:31:11', NULL, 159),
(187, './public/post-image/2023-07-20-12-31-11-16898490713968.jpeg', '', 0, '2023-07-20 17:31:11', NULL, 159),
(188, './public/post-image/2023-07-20-12-33-39-16898492194933.jpeg', '', 1, '2023-07-20 17:33:39', NULL, 160),
(189, './public/post-image/2023-07-20-12-33-39-16898492194946.jpeg', '', 0, '2023-07-20 17:33:39', NULL, 160),
(190, './public/post-image/2023-07-20-12-33-39-16898492194975.jpeg', '', 0, '2023-07-20 17:33:39', NULL, 160),
(191, './public/post-image/2023-07-20-12-33-39-16898492195003.jpeg', '', 0, '2023-07-20 17:33:39', NULL, 160),
(192, './public/post-image/2023-07-20-12-37-35-16898494551457.jpeg', '', 1, '2023-07-20 17:37:35', NULL, 161),
(193, './public/post-image/2023-07-20-12-37-35-16898494551519.jpeg', '', 0, '2023-07-20 17:37:35', NULL, 161),
(194, './public/post-image/2023-07-20-12-37-35-16898494551543.jpeg', '', 0, '2023-07-20 17:37:35', NULL, 161),
(195, './public/post-image/2023-07-20-12-37-35-16898494551558.jpeg', '', 0, '2023-07-20 17:37:35', NULL, 161),
(196, './public/post-image/2023-07-20-12-39-08-16898495489729.jpeg', '', 1, '2023-07-20 17:39:08', NULL, 162),
(197, './public/post-image/2023-07-20-12-39-08-16898495489753.jpeg', '', 0, '2023-07-20 17:39:08', NULL, 162),
(198, './public/post-image/2023-07-20-12-39-08-16898495489796.jpeg', '', 0, '2023-07-20 17:39:08', NULL, 162),
(199, './public/post-image/2023-07-20-12-39-08-16898495489829.jpeg', '', 0, '2023-07-20 17:39:08', NULL, 162),
(200, './public/post-image/2023-07-20-12-46-07-16898499670911.jpeg', '', 1, '2023-07-20 17:46:07', NULL, 163),
(201, './public/post-image/2023-07-20-12-46-07-16898499670956.jpeg', '', 0, '2023-07-20 17:46:07', NULL, 163),
(202, './public/post-image/2023-07-20-12-46-07-16898499670985.jpeg', '', 0, '2023-07-20 17:46:07', NULL, 163),
(203, './public/post-image/2023-07-20-12-52-21-16898503418083.jpeg', '', 1, '2023-07-20 17:52:21', NULL, 164),
(204, './public/post-image/2023-07-20-12-52-21-16898503418115.jpeg', '', 0, '2023-07-20 17:52:21', NULL, 164),
(205, './public/post-image/2023-07-20-12-52-21-16898503418163.jpeg', '', 0, '2023-07-20 17:52:21', NULL, 164),
(206, './public/post-image/2023-07-20-12-54-51-1689850491047.jpeg', '', 1, '2023-07-20 17:54:51', NULL, 165),
(207, './public/post-image/2023-07-20-12-54-51-16898504910485.jpeg', '', 0, '2023-07-20 17:54:51', NULL, 165),
(208, './public/post-image/2023-07-20-12-54-51-16898504910499.jpeg', '', 0, '2023-07-20 17:54:51', NULL, 165),
(209, './public/post-image/2023-07-20-12-56-59-16898506193771.jpeg', '', 1, '2023-07-20 17:56:59', NULL, 166),
(210, './public/post-image/2023-07-20-12-56-59-16898506193794.jpeg', '', 0, '2023-07-20 17:56:59', NULL, 166),
(211, './public/post-image/2023-07-20-12-56-59-16898506193815.jpeg', '', 0, '2023-07-20 17:56:59', NULL, 166),
(212, './public/post-image/2023-07-20-12-58-32-1689850712228.jpeg', '', 1, '2023-07-20 17:58:32', NULL, 167),
(213, './public/post-image/2023-07-20-12-58-32-16898507122309.jpeg', '', 0, '2023-07-20 17:58:32', NULL, 167),
(214, './public/post-image/2023-07-20-12-58-32-16898507122329.jpeg', '', 0, '2023-07-20 17:58:32', NULL, 167),
(215, './public/post-image/2023-07-20-13-00-25-16898508251434.jpeg', '', 1, '2023-07-20 18:00:25', NULL, 168),
(216, './public/post-image/2023-07-20-13-00-25-16898508251446.jpeg', '', 0, '2023-07-20 18:00:25', NULL, 168),
(217, './public/post-image/2023-07-20-13-00-25-16898508251467.jpeg', '', 0, '2023-07-20 18:00:25', NULL, 168),
(218, './public/post-image/2023-07-20-13-00-25-16898508251483.jpeg', '', 0, '2023-07-20 18:00:25', NULL, 168),
(219, './public/post-image/2023-07-20-13-01-46-16898509066235.jpeg', '', 1, '2023-07-20 18:01:46', NULL, 169),
(220, './public/post-image/2023-07-20-13-01-46-16898509066267.jpeg', '', 0, '2023-07-20 18:01:46', NULL, 169),
(221, './public/post-image/2023-07-20-13-01-46-16898509066307.jpeg', '', 0, '2023-07-20 18:01:46', NULL, 169),
(222, './public/post-image/2023-07-20-13-01-46-16898509066337.jpeg', '', 0, '2023-07-20 18:01:46', NULL, 169),
(223, './public/post-image/2023-07-20-13-03-21-16898510016701.jpeg', '', 1, '2023-07-20 18:03:21', NULL, 170),
(224, './public/post-image/2023-07-20-13-03-21-16898510016726.jpeg', '', 0, '2023-07-20 18:03:21', NULL, 170),
(225, './public/post-image/2023-07-20-13-03-21-16898510016752.jpeg', '', 0, '2023-07-20 18:03:21', NULL, 170),
(226, './public/post-image/2023-07-20-13-05-20-16898511206366.jpeg', '', 1, '2023-07-20 18:05:20', NULL, 171),
(227, './public/post-image/2023-07-20-13-05-20-16898511206397.jpeg', '', 0, '2023-07-20 18:05:20', NULL, 171),
(228, './public/post-image/2023-07-20-13-05-20-16898511206417.jpeg', '', 0, '2023-07-20 18:05:20', NULL, 171),
(229, './public/post-image/2023-07-20-13-05-20-16898511206437.jpeg', '', 0, '2023-07-20 18:05:20', NULL, 171),
(230, './public/post-image/2023-07-20-13-06-41-16898512010575.jpeg', '', 1, '2023-07-20 18:06:41', NULL, 172),
(231, './public/post-image/2023-07-20-13-06-41-1689851201063.jpeg', '', 0, '2023-07-20 18:06:41', NULL, 172),
(232, './public/post-image/2023-07-20-13-06-41-16898512010682.jpeg', '', 0, '2023-07-20 18:06:41', NULL, 172),
(233, './public/post-image/2023-07-20-13-06-41-16898512010701.jpeg', '', 0, '2023-07-20 18:06:41', NULL, 172),
(234, './public/post-image/2023-07-20-13-07-58-16898512788677.jpeg', '', 1, '2023-07-20 18:07:58', NULL, 173),
(235, './public/post-image/2023-07-20-13-07-58-16898512788718.jpeg', '', 0, '2023-07-20 18:07:58', NULL, 173),
(236, './public/post-image/2023-07-20-13-07-58-16898512788746.jpeg', '', 0, '2023-07-20 18:07:58', NULL, 173),
(237, './public/post-image/2023-07-20-13-09-31-16898513710341.jpeg', '', 1, '2023-07-20 18:09:31', NULL, 174),
(238, './public/post-image/2023-07-20-13-09-31-16898513710358.jpeg', '', 0, '2023-07-20 18:09:31', NULL, 174),
(239, './public/post-image/2023-07-20-13-09-31-16898513710377.jpeg', '', 0, '2023-07-20 18:09:31', NULL, 174),
(240, './public/post-image/2023-07-20-13-09-31-16898513710418.jpeg', '', 0, '2023-07-20 18:09:31', NULL, 174),
(244, './public/post-image/2023-07-20-13-13-57-16898516373439.jpeg', '', 1, '2023-07-20 18:13:57', NULL, 176),
(245, './public/post-image/2023-07-20-13-13-57-16898516373473.jpeg', '', 0, '2023-07-20 18:13:57', NULL, 176),
(246, './public/post-image/2023-07-20-13-13-57-168985163735.jpeg', '', 0, '2023-07-20 18:13:57', NULL, 176),
(247, './public/post-image/2023-07-20-13-15-31-16898517314401.jpeg', '', 1, '2023-07-20 18:15:31', NULL, 177),
(248, './public/post-image/2023-07-20-13-17-02-16898518221149.jpeg', '', 1, '2023-07-20 18:17:02', NULL, 178),
(249, './public/post-image/2023-07-20-13-17-02-16898518221174.jpeg', '', 0, '2023-07-20 18:17:02', NULL, 178),
(250, './public/post-image/2023-07-20-13-17-02-16898518221196.jpeg', '', 0, '2023-07-20 18:17:02', NULL, 178),
(251, './public/post-image/2023-07-20-13-17-02-16898518221214.jpeg', '', 0, '2023-07-20 18:17:02', NULL, 178),
(252, './public/post-image/2023-07-20-13-18-53-16898519335579.jpeg', '', 1, '2023-07-20 18:18:53', NULL, 179),
(253, './public/post-image/2023-07-20-13-18-53-16898519335596.jpeg', '', 0, '2023-07-20 18:18:53', NULL, 179),
(254, './public/post-image/2023-07-20-13-18-53-16898519335611.jpeg', '', 0, '2023-07-20 18:18:53', NULL, 179),
(255, './public/post-image/2023-07-20-13-18-53-16898519335622.jpeg', '', 0, '2023-07-20 18:18:53', NULL, 179),
(256, './public/post-image/2023-07-20-13-18-53-16898519335634.jpeg', '', 0, '2023-07-20 18:18:53', NULL, 179),
(257, './public/post-image/2023-07-20-13-20-48-16898520480293.jpeg', '', 1, '2023-07-20 18:20:48', NULL, 180),
(258, './public/post-image/2023-07-20-13-20-48-1689852048032.jpeg', '', 0, '2023-07-20 18:20:48', NULL, 180),
(259, './public/post-image/2023-07-20-13-20-48-16898520480341.jpeg', '', 0, '2023-07-20 18:20:48', NULL, 180),
(260, './public/post-image/2023-07-20-13-20-48-16898520480361.jpeg', '', 0, '2023-07-20 18:20:48', NULL, 180),
(261, './public/post-image/2023-07-20-13-20-48-16898520480381.jpeg', '', 0, '2023-07-20 18:20:48', NULL, 180),
(262, './public/post-image/2023-07-20-13-20-48-16898520480403.jpeg', '', 0, '2023-07-20 18:20:48', NULL, 180),
(263, './public/post-image/2023-07-20-15-04-03-16898582433282.jpeg', '', 1, '2023-07-20 20:04:03', NULL, 181),
(264, './public/post-image/2023-07-20-15-04-03-1689858243331.jpeg', '', 0, '2023-07-20 20:04:03', NULL, 181),
(265, './public/post-image/2023-07-20-15-04-03-16898582433326.jpeg', '', 0, '2023-07-20 20:04:03', NULL, 181),
(266, './public/post-image/2023-07-20-15-04-03-16898582433345.jpeg', '', 0, '2023-07-20 20:04:03', NULL, 181),
(267, './public/post-image/2023-07-20-15-14-19-16898588593726.jpeg', '', 1, '2023-07-20 20:14:19', NULL, 182),
(268, './public/post-image/2023-07-20-15-14-19-16898588593752.jpeg', '', 0, '2023-07-20 20:14:19', NULL, 182),
(269, './public/post-image/2023-07-20-15-14-19-16898588593786.jpeg', '', 0, '2023-07-20 20:14:19', NULL, 182),
(270, './public/post-image/2023-07-20-15-14-19-1689858859381.jpeg', '', 0, '2023-07-20 20:14:19', NULL, 182),
(271, './public/post-image/2023-07-20-15-17-42-16898590623701.jpeg', '', 1, '2023-07-20 20:17:42', NULL, 183),
(272, './public/post-image/2023-07-20-15-17-42-1689859062377.jpeg', '', 0, '2023-07-20 20:17:42', NULL, 183),
(273, './public/post-image/2023-07-20-15-17-42-16898590623796.jpeg', '', 0, '2023-07-20 20:17:42', NULL, 183),
(274, './public/post-image/2023-07-20-15-17-42-16898590623819.jpeg', '', 0, '2023-07-20 20:17:42', NULL, 183),
(275, './public/post-image/2023-07-20-15-18-49-1689859129063.jpeg', '', 1, '2023-07-20 20:18:49', NULL, 184),
(276, './public/post-image/2023-07-20-15-18-49-16898591290667.jpeg', '', 0, '2023-07-20 20:18:49', NULL, 184),
(277, './public/post-image/2023-07-20-15-18-49-16898591290684.jpeg', '', 0, '2023-07-20 20:18:49', NULL, 184),
(278, './public/post-image/2023-07-20-15-18-49-16898591290708.jpeg', '', 0, '2023-07-20 20:18:49', NULL, 184),
(279, './public/post-image/2023-07-20-15-19-51-16898591919966.jpeg', '', 1, '2023-07-20 20:19:51', NULL, 185),
(280, './public/post-image/2023-07-20-15-19-51-16898591919985.jpeg', '', 0, '2023-07-20 20:19:51', NULL, 185),
(281, './public/post-image/2023-07-20-15-19-52-16898591920003.jpeg', '', 0, '2023-07-20 20:19:52', NULL, 185),
(282, './public/post-image/2023-07-20-15-19-52-16898591920025.jpeg', '', 0, '2023-07-20 20:19:52', NULL, 185),
(283, './public/post-image/2023-07-20-15-21-41-16898593013353.jpeg', '', 1, '2023-07-20 20:21:41', NULL, 186),
(284, './public/post-image/2023-07-20-15-21-41-16898593013377.jpeg', '', 0, '2023-07-20 20:21:41', NULL, 186),
(285, './public/post-image/2023-07-20-15-21-41-16898593013387.jpeg', '', 0, '2023-07-20 20:21:41', NULL, 186),
(286, './public/post-image/2023-07-20-15-21-41-16898593013399.jpeg', '', 0, '2023-07-20 20:21:41', NULL, 186),
(287, './public/post-image/2023-07-20-15-23-10-16898593901076.jpeg', '', 1, '2023-07-20 20:23:10', NULL, 187),
(288, './public/post-image/2023-07-20-15-23-10-16898593901092.jpeg', '', 0, '2023-07-20 20:23:10', NULL, 187),
(289, './public/post-image/2023-07-20-15-23-10-16898593901107.jpeg', '', 0, '2023-07-20 20:23:10', NULL, 187),
(290, './public/post-image/2023-07-20-15-23-10-16898593901121.jpeg', '', 0, '2023-07-20 20:23:10', NULL, 187),
(291, './public/post-image/2023-07-20-15-25-27-16898595278682.jpeg', '', 1, '2023-07-20 20:25:27', NULL, 188),
(292, './public/post-image/2023-07-20-15-25-27-16898595278696.jpeg', '', 0, '2023-07-20 20:25:27', NULL, 188),
(293, './public/post-image/2023-07-20-15-25-27-16898595278709.jpeg', '', 0, '2023-07-20 20:25:27', NULL, 188),
(294, './public/post-image/2023-07-20-15-25-27-1689859527872.jpeg', '', 0, '2023-07-20 20:25:27', NULL, 188),
(295, './public/post-image/2023-07-20-15-26-44-16898596046238.jpeg', '', 1, '2023-07-20 20:26:44', NULL, 189),
(296, './public/post-image/2023-07-20-15-26-44-1689859604626.jpeg', '', 0, '2023-07-20 20:26:44', NULL, 189),
(297, './public/post-image/2023-07-20-15-26-44-16898596046281.jpeg', '', 0, '2023-07-20 20:26:44', NULL, 189),
(298, './public/post-image/2023-07-20-15-26-44-16898596046298.jpeg', '', 0, '2023-07-20 20:26:44', NULL, 189),
(299, './public/post-image/2023-07-20-15-28-03-16898596834875.jpeg', '', 1, '2023-07-20 20:28:03', NULL, 190),
(300, './public/post-image/2023-07-20-15-28-03-16898596834897.jpeg', '', 0, '2023-07-20 20:28:03', NULL, 190),
(301, './public/post-image/2023-07-20-15-28-03-16898596834913.jpeg', '', 0, '2023-07-20 20:28:03', NULL, 190),
(302, './public/post-image/2023-07-20-15-32-24-16898599440631.jpeg', '', 1, '2023-07-20 20:32:24', NULL, 191),
(303, './public/post-image/2023-07-20-15-32-24-16898599440657.jpeg', '', 0, '2023-07-20 20:32:24', NULL, 191),
(304, './public/post-image/2023-07-20-15-32-24-16898599440682.jpeg', '', 0, '2023-07-20 20:32:24', NULL, 191),
(305, './public/post-image/2023-07-20-15-33-39-16898600199623.jpeg', '', 1, '2023-07-20 20:33:39', NULL, 192),
(306, './public/post-image/2023-07-20-15-33-39-16898600199642.jpeg', '', 0, '2023-07-20 20:33:39', NULL, 192),
(307, './public/post-image/2023-07-20-15-33-39-16898600199664.jpeg', '', 0, '2023-07-20 20:33:39', NULL, 192),
(308, './public/post-image/2023-07-20-15-34-46-16898600868652.jpeg', '', 1, '2023-07-20 20:34:46', NULL, 193),
(309, './public/post-image/2023-07-20-15-34-46-16898600868673.jpeg', '', 0, '2023-07-20 20:34:46', NULL, 193),
(310, './public/post-image/2023-07-20-15-34-46-16898600868686.jpeg', '', 0, '2023-07-20 20:34:46', NULL, 193),
(311, './public/post-image/2023-07-20-15-36-03-16898601633902.jpeg', '', 1, '2023-07-20 20:36:03', NULL, 194),
(312, './public/post-image/2023-07-20-15-36-03-16898601633919.jpeg', '', 0, '2023-07-20 20:36:03', NULL, 194),
(313, './public/post-image/2023-07-20-15-36-03-16898601633933.jpeg', '', 0, '2023-07-20 20:36:03', NULL, 194),
(314, './public/post-image/2023-07-20-15-37-41-16898602617601.jpeg', '', 1, '2023-07-20 20:37:41', NULL, 195),
(315, './public/post-image/2023-07-20-15-37-41-16898602617614.jpeg', '', 0, '2023-07-20 20:37:41', NULL, 195),
(316, './public/post-image/2023-07-20-15-37-41-1689860261763.jpeg', '', 0, '2023-07-20 20:37:41', NULL, 195),
(317, './public/post-image/2023-07-20-15-37-41-16898602617642.jpeg', '', 0, '2023-07-20 20:37:41', NULL, 195),
(318, './public/post-image/2023-07-20-15-38-57-16898603373676.jpeg', '', 1, '2023-07-20 20:38:57', NULL, 196),
(319, './public/post-image/2023-07-20-15-38-57-16898603373697.jpeg', '', 0, '2023-07-20 20:38:57', NULL, 196),
(320, './public/post-image/2023-07-20-15-38-57-16898603373713.jpeg', '', 0, '2023-07-20 20:38:57', NULL, 196),
(321, './public/post-image/2023-07-20-15-38-57-16898603373738.jpeg', '', 0, '2023-07-20 20:38:57', NULL, 196),
(322, './public/post-image/2023-07-20-15-40-18-16898604186067.jpeg', '', 1, '2023-07-20 20:40:18', NULL, 197),
(323, './public/post-image/2023-07-20-15-40-18-16898604186102.jpeg', '', 0, '2023-07-20 20:40:18', NULL, 197),
(324, './public/post-image/2023-07-20-15-40-18-16898604186147.jpeg', '', 0, '2023-07-20 20:40:18', NULL, 197),
(325, './public/post-image/2023-07-20-15-41-42-1689860502564.jpeg', '', 1, '2023-07-20 20:41:42', NULL, 198),
(326, './public/post-image/2023-07-20-15-41-42-16898605025666.jpeg', '', 0, '2023-07-20 20:41:42', NULL, 198),
(327, './public/post-image/2023-07-20-15-41-42-16898605025694.jpeg', '', 0, '2023-07-20 20:41:42', NULL, 198),
(328, './public/post-image/2023-07-20-15-41-42-16898605025708.jpeg', '', 0, '2023-07-20 20:41:42', NULL, 198),
(329, './public/post-image/2023-07-20-15-42-54-16898605748824.jpeg', '', 1, '2023-07-20 20:42:54', NULL, 199),
(330, './public/post-image/2023-07-20-15-42-54-16898605748842.jpeg', '', 0, '2023-07-20 20:42:54', NULL, 199),
(331, './public/post-image/2023-07-20-15-42-54-16898605748863.jpeg', '', 0, '2023-07-20 20:42:54', NULL, 199),
(332, './public/post-image/2023-07-20-15-42-54-16898605748889.jpeg', '', 0, '2023-07-20 20:42:54', NULL, 199),
(333, './public/post-image/2023-07-20-15-45-06-16898607065187.jpeg', '', 1, '2023-07-20 20:45:06', NULL, 200),
(334, './public/post-image/2023-07-20-15-45-06-16898607065203.jpeg', '', 0, '2023-07-20 20:45:06', NULL, 200),
(335, './public/post-image/2023-07-20-15-45-06-16898607065218.jpeg', '', 0, '2023-07-20 20:45:06', NULL, 200),
(336, './public/post-image/2023-07-20-15-46-12-16898607727389.jpeg', '', 1, '2023-07-20 20:46:12', NULL, 201),
(337, './public/post-image/2023-07-20-15-46-12-16898607727405.jpeg', '', 0, '2023-07-20 20:46:12', NULL, 201),
(338, './public/post-image/2023-07-20-15-46-12-1689860772742.jpeg', '', 0, '2023-07-20 20:46:12', NULL, 201),
(339, './public/post-image/2023-07-20-15-46-12-16898607727432.jpeg', '', 0, '2023-07-20 20:46:12', NULL, 201),
(340, './public/post-image/2023-07-20-15-47-13-16898608334094.jpeg', '', 1, '2023-07-20 20:47:13', NULL, 202),
(341, './public/post-image/2023-07-20-15-47-13-16898608334116.jpeg', '', 0, '2023-07-20 20:47:13', NULL, 202),
(342, './public/post-image/2023-07-20-15-47-13-16898608334132.jpeg', '', 0, '2023-07-20 20:47:13', NULL, 202),
(343, './public/post-image/2023-07-20-15-48-41-16898609219633.jpeg', '', 1, '2023-07-20 20:48:41', NULL, 203),
(344, './public/post-image/2023-07-20-15-48-41-16898609219657.jpeg', '', 0, '2023-07-20 20:48:41', NULL, 203),
(345, './public/post-image/2023-07-20-15-48-41-16898609219672.jpeg', '', 0, '2023-07-20 20:48:41', NULL, 203),
(346, './public/post-image/2023-07-20-15-48-41-16898609219685.jpeg', '', 0, '2023-07-20 20:48:41', NULL, 203),
(347, './public/post-image/2023-07-20-15-50-06-16898610067225.jpeg', '', 1, '2023-07-20 20:50:06', NULL, 204),
(348, './public/post-image/2023-07-20-15-50-06-16898610067239.jpeg', '', 0, '2023-07-20 20:50:06', NULL, 204),
(349, './public/post-image/2023-07-20-15-50-06-16898610067252.jpeg', '', 0, '2023-07-20 20:50:06', NULL, 204),
(350, './public/post-image/2023-07-20-15-50-06-16898610067277.jpeg', '', 0, '2023-07-20 20:50:06', NULL, 204),
(351, './public/post-image/2023-07-20-15-50-06-16898610067308.jpeg', '', 0, '2023-07-20 20:50:06', NULL, 204),
(352, './public/post-image/2023-07-20-15-51-17-16898610777104.jpeg', '', 1, '2023-07-20 20:51:17', NULL, 205),
(353, './public/post-image/2023-07-20-15-51-17-16898610777122.jpeg', '', 0, '2023-07-20 20:51:17', NULL, 205),
(354, './public/post-image/2023-07-20-15-51-17-1689861077714.jpeg', '', 0, '2023-07-20 20:51:17', NULL, 205),
(355, './public/post-image/2023-07-20-15-51-17-16898610777164.jpeg', '', 0, '2023-07-20 20:51:17', NULL, 205),
(356, './public/post-image/2023-07-20-15-51-17-16898610777184.jpeg', '', 0, '2023-07-20 20:51:17', NULL, 205),
(357, './public/post-image/2023-07-20-15-51-17-16898610777198.jpeg', '', 0, '2023-07-20 20:51:17', NULL, 205);

-- --------------------------------------------------------

--
-- Cấu trúc bảng cho bảng `categories`
--

CREATE TABLE IF NOT EXISTS `categories` (
  `id` int(11) NOT NULL AUTO_INCREMENT,
  `name` varchar(200) NOT NULL,
  `created_at` datetime NOT NULL,
  `updated_at` datetime DEFAULT NULL,
  `code_name` varchar(200) DEFAULT NULL,
  `type` int(11) DEFAULT NULL,
  PRIMARY KEY (`id`)
) ENGINE=InnoDB AUTO_INCREMENT=82 DEFAULT CHARSET=utf8 COLLATE=utf8_persian_ci;

--
-- Đang đổ dữ liệu cho bảng `categories`
--

INSERT INTO `categories` (`id`, `name`, `created_at`, `updated_at`, `code_name`, `type`) VALUES
(15, 'Tạp chí khoa học và công nghệ Trường Đại Học Kinh Tế Kỹ Thuật Công nghiệp ', '2022-10-24 09:36:05', '2023-07-11 15:45:01', 'Số 31 (2022)', 1),
(16, 'Tạp chí khoa học và công nghệ Trường Đại Học Kinh Tế Kỹ Thuật Công nghiệp ', '2022-10-24 09:49:39', '2023-07-11 15:45:03', 'Số 31 (2022)', 1),
(17, 'Tạp chí khoa học và công nghệ Trường Đại Học Bách Khoa Hà Nội', '2022-10-24 10:00:18', '2023-07-11 15:32:12', 'Số 31 (2022)', 1),
(18, 'Tạp chí khoa học và Công nghệ Bộ Công Thương', '2023-07-11 15:33:55', '2023-07-11 15:33:57', 'Số 32 (2023)', 1),
(19, 'Tạp chí kinh tế - xã hội Bộ Công Thương', '2023-07-11 15:34:44', '2023-07-11 15:34:41', 'Số 33 (2023)', 2),
(20, 'Tạp chí kinh tế - xã hội Bộ Công Thương', '2023-07-11 15:36:10', '2023-07-11 15:36:13', 'Số 34(2023)', 2),
(21, 'Tạp chí kinh tế - xã hội Bộ Văn Hóa Thể thao và Du lịch', '2023-07-11 15:43:28', '2023-07-11 15:44:14', 'Số 31 (2023)', 2),
(22, 'Tạp chí kinh tế - xã hội Bộ Văn Hóa Thể thao và Du lịch', '2023-07-11 15:43:32', '2023-07-11 15:44:17', 'Số 32 (2023)', 2),
(23, 'Tạp chí kinh tế - xã hội Bộ Văn Hóa Thể thao và Du lịch', '2023-07-11 15:43:35', '2023-07-11 15:44:20', 'Số 33 (2023)', 2),
(24, 'Tạp chí kinh tế - xã hội Bộ Văn Hóa Thể thao và Du lịch', '2023-07-11 15:43:38', '2023-07-11 15:44:24', 'Số 34 (2023)', 2),
(25, 'Tạp chí kinh tế - xã hội Bộ Văn Hóa Thể thao và Du lịch', '2023-07-11 15:43:41', '2023-07-11 15:44:27', 'Số 35 (2023)', 2),
(26, 'Tạp chí kinh tế - xã hội Bộ Văn Hóa Thể thao và Du lịch', '2023-07-11 15:43:44', '2023-07-11 15:44:31', 'Số 36 (2023)', 2),
(27, 'Tạp chí kinh tế - xã hội Bộ Văn Hóa Thể thao và Du lịch', '2023-07-11 15:43:47', '2023-07-11 15:44:35', 'Số 37 (2023)', 2),
(28, 'Tạp chí kinh tế - xã hội Bộ Văn Hóa Thể thao và Du lịch', '2023-07-11 15:43:50', '2023-07-11 15:44:38', 'Số 38 (2023)', 2),
(29, 'Tạp chí kinh tế - xã hội Bộ Văn Hóa Thể thao và Du lịch', '2023-07-11 15:43:53', '2023-07-11 15:44:40', 'Số 39 (2023)', 2),
(30, 'Tạp chí Khoa học quốc tế', '2023-07-11 15:43:55', '2023-07-11 15:44:43', 'Số 59 (2023)', 3),
(31, 'Tạp chí Khoa học Luxambua', '2023-07-11 15:43:58', '2023-07-11 15:44:45', 'Số 66 (2023)', 3),
(32, 'Tạp chí Diễn đàn khoa học Bộ công thương', '2023-07-11 15:44:01', '2023-07-11 15:44:48', 'Số 45 (2023)', 3),
(33, 'Tạp chí Diễn đàn khoa học Bộ Công nghệ thông tin', '2023-07-11 15:44:03', '2023-07-11 15:44:50', 'Số 39 (2023)', 3),
(34, 'Tạp chí Diễn đàn khoa học và hội nhập kinh tế', '2023-07-11 15:44:05', '2023-07-11 15:44:52', 'Số 77 (2023)', 3),
(77, 'Tạp chí kinh tế - xã hội Bộ Văn Hóa Thể thao và Du lịch', '2023-07-11 15:44:09', '2023-07-11 15:44:54', 'Số 32 (2023)', 2),
(79, 'Thông báo', '2023-07-16 01:53:58', NULL, NULL, 4),
(80, 'Sự kiện', '2023-07-16 01:54:23', NULL, NULL, 5),
(81, 'Giới thiệu', '2023-07-16 01:54:40', NULL, NULL, 6);

-- --------------------------------------------------------

--
-- Cấu trúc bảng cho bảng `comments`
--

CREATE TABLE IF NOT EXISTS `comments` (
  `id` int(11) NOT NULL AUTO_INCREMENT,
  `user_id` int(11) NOT NULL,
  `comment` text NOT NULL,
  `post_id` int(11) NOT NULL,
  `status` enum('unseen','seen','approved') NOT NULL DEFAULT 'unseen',
  `created_at` datetime NOT NULL,
  `updated_at` datetime DEFAULT NULL,
  PRIMARY KEY (`id`),
  KEY `article_id` (`post_id`),
  KEY `user_id` (`user_id`)
) ENGINE=InnoDB AUTO_INCREMENT=25 DEFAULT CHARSET=utf8 COLLATE=utf8_persian_ci;

-- --------------------------------------------------------

--
-- Cấu trúc bảng cho bảng `menus`
--

CREATE TABLE IF NOT EXISTS `menus` (
  `id` int(11) NOT NULL AUTO_INCREMENT,
  `name` varchar(100) NOT NULL,
  `url` varchar(300) NOT NULL,
  `parent_id` int(11) DEFAULT NULL,
  `created_at` datetime NOT NULL,
  `updated_at` datetime DEFAULT NULL,
  PRIMARY KEY (`id`),
  KEY `parent_id` (`parent_id`)
) ENGINE=InnoDB AUTO_INCREMENT=15 DEFAULT CHARSET=utf8 COLLATE=utf8_persian_ci;

--
-- Đang đổ dữ liệu cho bảng `menus`
--

INSERT INTO `menus` (`id`, `name`, `url`, `parent_id`, `created_at`, `updated_at`) VALUES
(9, 'most visited', '#', NULL, '2019-07-17 12:05:11', '2022-10-24 11:33:11'),
(12, 'about us ', 'http://localhost/OnlineNewsSite/', NULL, '2022-10-24 14:38:39', NULL),
(13, 'Home', 'http://localhost/OnlineNewsSite/', NULL, '2022-10-24 14:39:03', NULL);

-- --------------------------------------------------------

--
-- Cấu trúc bảng cho bảng `posts`
--

CREATE TABLE IF NOT EXISTS `posts` (
  `id` int(11) NOT NULL AUTO_INCREMENT,
  `title` varchar(200) NOT NULL,
  `summary` text NOT NULL,
  `body` text NOT NULL,
  `view` int(11) NOT NULL DEFAULT 0,
  `user_id` int(11) NOT NULL,
  `cat_id` int(11) NOT NULL,
  `image` varchar(200) NOT NULL,
  `status` enum('disable','enable') NOT NULL DEFAULT 'disable',
  `selected` tinyint(5) NOT NULL DEFAULT 1,
  `breaking_news` tinyint(5) NOT NULL DEFAULT 1,
  `published_at` datetime DEFAULT NULL,
  `created_at` datetime NOT NULL,
  `updated_at` datetime DEFAULT NULL,
  `author_name` varchar(200) NOT NULL DEFAULT '',
  `file` varchar(200) DEFAULT NULL,
  PRIMARY KEY (`id`),
  KEY `cat_id` (`cat_id`),
  KEY `user_id` (`user_id`),
  KEY `posts_author` (`author_name`)
) ENGINE=InnoDB AUTO_INCREMENT=206 DEFAULT CHARSET=utf8 COLLATE=utf8_persian_ci;

--
-- Đang đổ dữ liệu cho bảng `posts`
--

INSERT INTO `posts` (`id`, `title`, `summary`, `body`, `view`, `user_id`, `cat_id`, `image`, `status`, `selected`, `breaking_news`, `published_at`, `created_at`, `updated_at`, `author_name`, `file`) VALUES
(153, 'Tạp chí NCKH số 11', 'Ở điều kiện thường, một số ion kim loại có khả năng tạo phức với một số ligand hữu cơ', 'Ở điều kiện thường, một số ion kim loại có khả năng tạo phức với một số ligand hữu cơ. \r\nMỗi phức chất được đặc trưng bởi hằng số bền (Kb). Những phức có Kb >109\r\nkhông só \r\nhoạt tính xúc tác, nhưng chúng lại có khả năng kháng khuẩn và kháng nấm cao. Bên \r\ncạnh đó, những phức có hằng số bền từ 103\r\n< Kb < 109\r\ncó hoạt tính xúc tác, chúng có vai \r\ntrò quan trọng trong một số quá trình như: Phân tích vi lượng, xử lý nước, chất thải công \r\nnghiệp. Trong giới hạn bài báo này, phản ánh kết quả nghiên cứu khả năng kháng khuẩn \r\nE.coli ATCC 25922 và kháng chủng nấm mốc Trichoderma receive CPK 63 của một số\r\nphức chất, tạo bởi ion kim loại Ni2+; Co2+; Zn2+ và Cu2+ với glyxin. Kết quả nghiên cứu là \r\ncơ sở khoa học cho việc ứng dụng các phức chất vào các quá trình công nghệ sản xuất.', 0, 1, 15, '', 'disable', 1, 1, '2023-07-20 00:00:00', '2023-07-20 17:18:14', NULL, 'Lê Văn Huỳnh, Nguyễn Thị Hiền, Phan Thị Thanh Hương, Phạm Thị Thu', './public/upload/2023-07-20-12-18-149. Huỳnh.pdf'),
(154, 'Tạp chí NCKH số 12', 'Phương trình toán tử ngẫu nhiên có nhiễu là một trong các hướng nghiên cứu của lý\r\nthuyết xác suất hiện đại. ', 'Phương trình toán tử ngẫu nhiên có nhiễu là một trong các hướng nghiên cứu của lý\r\nthuyết xác suất hiện đại. Bài báo nghiên cứu tính duy nhất nghiệm của phương trình \r\ntoán tử ngẫu nhiên có nhiễu, áp dụng lý thuyết điểm bất động để tìm điều kiện đủ của bài \r\ntoán trên. Kết quả nghiên cứu là cơ sở để tìm lời giải phương trình ngẫu nhiên có nhiễu.', 0, 1, 15, '', 'disable', 1, 1, '2012-05-01 00:00:00', '2023-07-20 17:20:11', NULL, 'Trần Thị Kim Thanh', './public/upload/2023-07-20-12-20-119. Thanh.pdf'),
(156, 'Tạp chí NCKH số 13', 'Hai giống chè Phúc Vân Tiên  và  Kim Tiên được thu hoạch 1 búp 3 lá vào buổi sáng tại Viện Khoa học Nông nghiệp miền núi phía Bắc vào thời điểm tháng 7,8/2016. ', 'Hai giống chè Phúc Vân Tiên  và  Kim Tiên được thu hoạch 1 búp 3 lá vào buổi sáng tại Viện Khoa học Nông nghiệp miền núi phía Bắc vào thời điểm tháng 7,8/2016. Sau đó, chè được dải đều trên nong, để héo tự nhiên trong khoảng thời gian 240 phút. Để bất hoạt enzyme trong chè sử dụng diệt men phương pháp vi sóng ở điều kiện độ dầy lớp chè diệt men trong khoảng 120 mm tương đương với mật độ đọt chè là 1,5 kg/m2 đối với chè PVT và 1,2kg/m2 đối với chè KT; Nhiệt độ diệt men 83-85oC và thời gian diệt men 205 - 227 giây đối với chè Phúc Vân Tiên; 224 - 272 giây đối với chè Kim Tuyên. Với chế độ diệt men như vậy trong chè hoạt tính men peroxyaza hoàn toàn không còn nữa. Điều này còn khẳng định tất cả enzyme trong chè hoàn toàn bị bất hoạt. Chất lượng sản phẩm matcha khi diệt men bằng phương pháp vi sóng có chất lượng tốt hơn so với phương pháp truyền thống.', 0, 1, 15, '', 'disable', 1, 1, '2015-05-20 00:00:00', '2023-07-20 17:24:15', NULL, 'Đặng Thị Thanh Quyên', './public/upload/2023-07-20-12-24-157.13. ĐTT Quyên.doc'),
(157, 'Tạp chí NCKH số 14', 'Phương pháp mô phỏng Monte-Carlo được sử dụng để nghiên cứu sự ảnh hưởng của \r\nkích thước hạt nano tinh thể được tạo ra một cách ngẫu nhiên trên bề mặt vật liệu và \r\nđược xem như là các trung tâm tái tổ hợp.', 'Phương pháp mô phỏng Monte-Carlo được sử dụng để nghiên cứu sự ảnh hưởng của \r\nkích thước hạt nano tinh thể được tạo ra một cách ngẫu nhiên trên bề mặt vật liệu và \r\nđược xem như là các trung tâm tái tổ hợp. Dòng điện cảm ứng chùm điện tử thu nhận \r\nbởi nano contact. Kết quả mô phỏng cho thấy, dòng điện cảm ứng chùm điện tử giảm khi \r\nkích thước hạt nano tinh thể tăng, quan hệ của chúng theo một hàm mũ bậc một. Độ dài \r\nkhuếch tán hiệu dụng của hạt tối thiểu cũng được rút ra từ đường cong dòng điện cảm \r\nứng chùm điện tử. Ảnh hưởng của kích thước hạt nano tinh thể nên độ dài khuếch tán \r\ncũng được xem xét, kết quả chỉ ra rằng độ dài khuếch tán giảm khi kích thước hạt nano \r\ntăng. Điều này được giải thích do sự tăng vùng tái tổ hợp bề mặt', 0, 1, 15, '', 'disable', 1, 1, '2008-04-20 00:00:00', '2023-07-20 17:27:27', NULL, 'Đoàn Quảng Trị, Vũ Ngọc Phan, Dương Xuân Núi , Dương Chính Cương, Nguyễn Văn Đạt\r\n', './public/upload/2023-07-20-12-27-279. Trị.pdf'),
(158, 'Tạp chí NCKH số 15', 'Nghiên cứu chế biến bột khoai uống liền từ khoai Lang Hoàng Long, giống vỏ nâu, ruột \r\nvàng, thu hoạch tháng 7, năm 2016.', 'Nghiên cứu chế biến bột khoai uống liền từ khoai Lang Hoàng Long, giống vỏ nâu, ruột \r\nvàng, thu hoạch tháng 7, năm 2016. Kết quả nghiên cứu cho thấy, axit axetic có tác dụng \r\ntốt trong việc hạn chế phản ứng sẫm màu khi chế biến khoai lang củ tươi. Ở nồng độ\r\n0,3% và thời gian ngâm 30 phút xử lý khoai lát, sản phẩm bột khoai đạt độ trắng tốt: \r\n78%. Khoai lát sau xử lý được hấp chín và sấy ở nhiệt độ 70°C cho chất lượng bột khoai \r\ntốt nhất về hương vị và màu sắc. Bột khoai phối trộn thêm 5÷ 6% bột đậu xanh và 4÷5% \r\nbột nếp cùng với đường kính 10%, muối ăn 0,1%, đạt được tính chất cảm quan tốt làm \r\ntăng giá trị dinh dưỡng cho bột khoai uống liền.', 0, 1, 15, '', 'disable', 1, 1, '2017-04-20 00:00:00', '2023-07-20 17:29:31', NULL, 'Vũ Thị Ngọc Bích', './public/upload/2023-07-20-12-29-315 Bich.pdf'),
(159, 'Tạp chí NCKH số 16', 'Việc xác định chế độ cắt tối ưu cho quá trình mài nhằm nâng cao chất lượng chi tiết và \r\nhạ giá thành sản phẩm rất quan trọng trong quá trình gia công. ', 'Việc xác định chế độ cắt tối ưu cho quá trình mài nhằm nâng cao chất lượng chi tiết và \r\nhạ giá thành sản phẩm rất quan trọng trong quá trình gia công. Thép X12M thuộc nhóm \r\nthép hợp kim cao, có độ bền nhiệt và độ bền cơ học cao. Vật liệu này thường dùng để\r\nchế tạo các chi tiết máy chính xác, chịu tải va đập lớn, chịu mài mòn và ăn mòn hóa học.\r\nTrong bài báo này, trên cơ sở ứng dụng phần mềm toán học Mable, tác giả đã kết hợp \r\ngiữa phân tích lý thuyết với thực nghiệm để tìm ra bộ thông số chế độ cắt tối ưu khi gia \r\ncông thép X12M trên máy mài tròn ngoài', 0, 1, 15, '', 'disable', 1, 1, '2017-12-02 00:00:00', '2023-07-20 17:31:11', NULL, 'Nguyễn Văn Trúc, Bùi Ánh Hưng, Trịnh Thị Mai', './public/upload/2023-07-20-12-31-11Tạp chí số 16.pdf'),
(160, 'Tạp chí NCKH số 17', 'Rung động là trạng thái giới hạn của tự dao động trong quá trình gia công, là nguyên nhân chính hạn chế năng suất và chất lượng chi tiết gia công.', 'Rung động là trạng thái giới hạn của tự dao động trong quá trình gia công, là nguyên nhân chính hạn chế năng suất và chất lượng chi tiết gia công. Vì vậy các công trình nghiên cứu hiện nay đều tập trung vào phát hiện, nhận dạng, tránh, ngăn ngừa, giảm hoặc loại trừ rung động. Có nhiều phương pháp phát hiện và đo rung động đã được đề xuất, mỗi phương pháp có ưu, nhược điểm riêng. Bài báo này trình bày phương pháp dựa trên quan hệ giữa lực mài và các thông số rung động. Kết quả nghiên cứu đã chỉ ra rằng tín hiệu lực cắt không chỉ giúp phát hiện rung động mà còn dự báo nó trước khi xảy ra.', 0, 1, 15, '', 'disable', 1, 1, '2016-05-11 00:00:00', '2023-07-20 17:33:39', NULL, 'Phạm Vũ Dũng', './public/upload/2023-07-20-12-33-39File 17 MI.doc'),
(161, 'Tạp chí NCKH số 19', 'Bài báo trình bày kết quả nghiên cứu các yếu tố ảnh hưởng đến quá trình xử lý nước thải phát sinh trong quá trình sản xuất sôđa (Na2CO3) là vấn đề được quan tâm để từ đó tính toán các thông số công nghệ tối ưu, đề xuất dây chuyền công nghệ phù hợp với điều kiện tại Việt Nam.', 'Bài báo trình bày kết quả nghiên cứu các yếu tố ảnh hưởng đến quá trình xử lý nước thải phát sinh trong quá trình sản xuất sôđa (Na2CO3) là vấn đề được quan tâm để từ đó tính toán các thông số công nghệ tối ưu, đề xuất dây chuyền công nghệ phù hợp với điều kiện tại Việt Nam. Tác giả đã nghiên cứu thực nghiệm, sử dụng phần mềm xử lý số liệu thực nghiệm SPSS 23.0 và phương pháp phân tích ANOVA để xác định sự ảnh hưởng của thông số thời gian và tốc độ khuấy đến hiệu suất xử lý nước thải phát sinh trong quá trình sản xuất sôđa.', 0, 1, 15, '', 'disable', 1, 1, '2003-11-01 00:00:00', '2023-07-20 17:37:35', NULL, 'Phạm Thị Thu Hoài, Nguyễn Thị Phương Lan, Phạm Thị Thanh Thuỷ', './public/upload/2023-07-20-12-37-351. Hoài.doc'),
(162, 'Tạp chí NCKH số 20', 'Bài báo đã trình bày và ứng dụng mô hình ra quyết định nhóm dạng khoảng để biểu diễn bài toán đánh giá năng lực giảng viên.', 'Bài báo đã trình bày và ứng dụng mô hình ra quyết định nhóm dạng khoảng để biểu diễn bài toán đánh giá năng lực giảng viên. Phương pháp giải quyết được đề xuất dựa trên số học khoảng và hàm so sánh toàn phần trên tập các số thực dạng khoảng. Dữ liệu và kết quả thử nghiệm được xây dựng với bộ 25 tiêu chí dùng để đánh giá năng lực giảng viên Trường Đại học Kinh tế - Kỹ thuật Công nghiệp. ', 0, 1, 15, '', 'disable', 1, 1, '2019-11-11 00:00:00', '2023-07-20 17:39:08', NULL, 'Vũ Thị Thu Huyền, Trần Thị Hương', './public/upload/2023-07-20-12-39-085. Huyền.doc'),
(163, 'Tạp chí NCKH số 22', 'Ngày nay, trong sản xuất hiện đại không thể thiếu các hệ thống cấp phôi tự động. Điểm \r\nmạnh của thiết bị cấp phôi là việc điều hướng, phối liệu đúng nhịp, đơn giản và chính xác \r\nhơn hẳn các hệ thống truyền dẫn khác. ', 'Ngày nay, trong sản xuất hiện đại không thể thiếu các hệ thống cấp phôi tự động. Điểm \r\nmạnh của thiết bị cấp phôi là việc điều hướng, phối liệu đúng nhịp, đơn giản và chính xác \r\nhơn hẳn các hệ thống truyền dẫn khác. Đối với loại phôi rời có trọng lượng và kích thước \r\nnhỏ thì phương pháp các phôi tự động theo nguyên lý rung động là một lựa chọn phù hợp. \r\nBài báo này trình bày các lý thuyết cơ bản khi tính toán thiết kế một hệ thống cấp phôi tự\r\nđộng cho phôi có trọng lượng và kích thước nhỏ. Lý thuyết này được áp dụng để tính toán, \r\nthiết kế thiết bị cấp phôi cho nắp chai vacxin bằng cao su. Kết quả của nghiên cứu là cơ sở\r\ncho các tính toán thiết kế và chế tạo một thiết bị cấp phôi rung cho các loại phôi khác nhau.', 0, 1, 15, '', 'disable', 1, 1, '1970-01-01 01:00:00', '2023-07-20 17:46:07', '2023-07-20 17:47:57', 'Nguyễn Văn Mùi - Vũ Hoài Anh', './public/upload/2023-07-20-12-46-076. Mùi (da sua).pdf'),
(164, 'Tạp chí NCKH số 23', 'Các yếu tố được nghiên cứu bao gồm nguồn dinh dưỡng cacbon, dinh dưỡng nitơ, nhiệt độ và thời gian nuôi cấy để xác định điều kiện thích hợp cho khả năng sinh bào tử cao nhất của hai chủng nấm Lecanicillum lecanii Le85 và L.lecanii L439 khi lên men lỏng quy mô 100 L/mẻ.', 'Các yếu tố được nghiên cứu bao gồm nguồn dinh dưỡng cacbon, dinh dưỡng nitơ, nhiệt độ và thời gian nuôi cấy để xác định điều kiện thích hợp cho khả năng sinh bào tử cao nhất của hai chủng nấm Lecanicillum lecanii Le85 và L.lecanii L439 khi lên men lỏng quy mô 100 L/mẻ. Môi trường lên men chứa 4% thành phần rỉ đường kích thích khả năng sinh bào tử của cả hai chủng Le85 và L439, với mật độ lần lượt đạt (5,02 ± 0,26)×109 và (6,75 ± 0,26)×109 bào tử/mL. Urea được lựa chọn là nguồn nitrogen phù hợp cho việc sản xuất bào tử của cả hai chủng. Nồng độ ure (0,6%) phù hợp đối với chủng Le85 và 0,3% đối với chủng L439 với mật độ bào tử trong môi trường lên men lỏng đạt (5,37 ± 0,15)×109 và (7,19 ± 0,023)×109 bào tử/mL. Sau thời gian lên men lỏng 8 ngày và tại nhiệt độ 28˚C các chủng Le85 và L439 đạt mật độ (7,88 ± 0,026)×109 và (8,92 ± 0,02)×109 bào tử/mL. Nghiên cứu đã xác định được điều kiện lên men lỏng cho việc sinh bào tử của các chủng nấm kí sinh côn trùng L.lecanii Le85 và L439 có vai trò quan trọng trong cải thiện hiệu quả sản xuất chế phẩm thuốc trừ sâu sinh học phòng trừ rệp muội Aphidoidae.', 0, 1, 16, '', 'disable', 1, 1, '2020-08-06 00:00:00', '2023-07-20 17:52:21', NULL, 'Vũ Văn Hạnh, Hồ Tuấn Anh, Đỗ Thị Lý, Nguyễn Thị Nguyệt, Nguyễn Quỳnh Mai', './public/upload/2023-07-20-12-52-214. HT Anh.doc'),
(165, 'Tạp chí NCKH số 24', 'Độ tròn là một chỉ tiêu kỹ thuật để đánh giá sai số hình dáng hình học của các chi tiết cơ khí dùng trong các lắp ghép có độ chính xác cao như ổ lăn, piston xilanh, bề mặt trụ trơn lắp với ổ lăn, ổ trượt, sống dẫn hướng trụ', 'Độ tròn là một chỉ tiêu kỹ thuật để đánh giá sai số hình dáng hình học của các chi tiết cơ khí dùng trong các lắp ghép có độ chính xác cao như ổ lăn, piston xilanh, bề mặt trụ trơn lắp với ổ lăn, ổ trượt, sống dẫn hướng trụ,... Do đó việc đánh giá sai lệch độ tròn là nhiệm vụ thiết yếu, có ý nghĩa quan trọng trong việc chỉ đạo công nghệ gia công nhằm đảm bảo chất lượng chi tiết, mang lại giá trị kinh tế. Bài báo này trình bày tổng quan về một số giải pháp nhằm nâng cao độ chính xác của phép đo độ tròn trong tọa độ cực bằng cách sử dụng ổ khí quay, ứng dụng khai triển Fourier kết hợp với ba đầu đo để đảm bảo độ ổn định tâm quay, khử bỏ độ dao động tâm bàn quay và độ lệch giữa tâm chi tiết và tâm bàn quay.', 0, 1, 15, '', 'disable', 1, 1, '2021-01-09 00:00:00', '2023-07-20 17:54:51', NULL, 'Nguyễn Hữu Quang, Nguyễn Anh Tuấn, Phan Trọng Đức  ', './public/upload/2023-07-20-12-54-514. NH Quang MI.doc'),
(166, 'Tạp chí NCKH số 25', 'Bài báo này nghiên cứu mối quan hệ và đánh giá ảnh hưởng của các thông số công nghệ \r\nđến độ nhám bề mặt chi tiết khi phay hợp kim nhôm AA7075; xây dựng phương trình hồi quy \r\nđộ nhám bề mặt khi gia công không sử dụng dung dịch trơn nguội; nghiên cứu thực nghiệm \r\nso sánh độ nhám bề mặt khi gia công có sử dụng dung dịch trơn nguội v', 'Bài báo này nghiên cứu mối quan hệ và đánh giá ảnh hưởng của các thông số công nghệ \r\nđến độ nhám bề mặt chi tiết khi phay hợp kim nhôm AA7075; xây dựng phương trình hồi quy \r\nđộ nhám bề mặt khi gia công không sử dụng dung dịch trơn nguội; nghiên cứu thực nghiệm \r\nso sánh độ nhám bề mặt khi gia công có sử dụng dung dịch trơn nguội và không sử dụng \r\ndung dịch trơn nguội và đưa ra các biểu đồ mức độ ảnh hưởng của các thông số công nghệ \r\nđến độ nhám bề mặt; đánh giá hiệu quả của việc gia công có sử dụng dung dịch làm mát và \r\nkhông sử dụng dung dịch làm mát. Kết quả nghiên cứu làm cơ sở đề các nhà công nghệ lựa \r\nchọn điều kiện gia công cho phù hợp kinh tế mà vấn đảm bảo được năng suất và chất lượng \r\nchi tiết gia công.\r\n', 0, 1, 17, '', 'disable', 1, 1, '2023-07-20 00:00:00', '2023-07-20 17:56:59', NULL, 'Lê Như Trang, Trần Xuân Thái, Nguyễn Trọng Hải\r\n', './public/upload/2023-07-20-12-56-596. Trang MI.pdf'),
(167, 'Tạp chí NCKH số 26', 'Bài báo trình bày thuật điều khiển thông minh các khóa chuyển mạch cầu nghịch lưu ba pha \r\nở luật chuyển mạch 180o\r\nđể điều khiển động cơ không đồng bộ ba pha nhằm loại bỏ dòng \r\nđiện trùng dẫn.', 'Bài báo trình bày thuật điều khiển thông minh các khóa chuyển mạch cầu nghịch lưu ba pha \r\nở luật chuyển mạch 180o\r\nđể điều khiển động cơ không đồng bộ ba pha nhằm loại bỏ dòng \r\nđiện trùng dẫn. Các kết quả được khảo sát đánh giá bằng mô hình mô phỏng trên phần mềm \r\nMatlab-Simulink. Mô hình cho phép đánh giá so sánh chất lượng điện áp được điều chế giữa \r\nphương pháp cải tiến và cổ điển, đồng thời chỉ ra rằng với luật chuyển mạch cầu nghịch lưu \r\nba pha cải tiến đã loại bỏ được dòng điện trùng dẫn trong các nhánh của cầu nghịch lưu so \r\nvới luật chuyển mạch cổ điển', 0, 1, 15, '', 'disable', 1, 1, '1970-01-01 01:00:00', '2023-07-20 17:58:32', '2023-07-20 17:58:42', 'Lê Văn Ánh', './public/upload/2023-07-20-12-58-322 Lê Văn Ánh.pdf'),
(168, 'Tạp chí NCKH số 27', 'Xử lý ngôn ngữ tự nhiên là một lĩnh vực nghiên cứu đa dạng với nhiều nhiệm vụ riêng biệt, \r\nmỗi nhiệm vụ được đánh giá bởi bộ dữ liệu đặc thù. ', 'Xử lý ngôn ngữ tự nhiên là một lĩnh vực nghiên cứu đa dạng với nhiều nhiệm vụ riêng biệt, \r\nmỗi nhiệm vụ được đánh giá bởi bộ dữ liệu đặc thù. Trong thực tế, một số bài toán có ít dữ \r\nliệu gán nhãn chất lượng cao để huấn luyện mô hình, dẫn tới hiệu năng chưa cao. Giải \r\nquyết vấn đề này, một số mô hình sử dụng cơ chế tiền xử lý dữ liệu huấn luyện bằng việc sử \r\ndụng các mô hình biểu diễn từ chung, được huấn luyện từ một lượng lớn các dữ liệu không \r\nđược gán nhãn như Word2vec, Glove hay FastText. Tuy nhiên, các mô hình đó không thể \r\nhiện được sự đại diện theo ngữ cảnh cụ thể của từ. Trong dịch máy thường sử dụng kiến \r\ntrúc Recurrent Neural Networks. Mô hình này khó bắt được sự phụ thuộc xa giữa các từ \r\ntrong câu và tốc độ huấn luyện chậm. Transformers là một kiến trúc mạng nơron nhân tạo \r\nđược đề xuất để khắc phục các nhược điểm trên. Bài báo này, chúng tôi trình bày kiến trúc \r\nTransformers, đề xuất mô hình dịch máy sử dụng kiến trúc Transformers. Kết quả thực \r\nnghiệm trên cặp ngôn ngữ Anh - Việt và Việt - Anh chứng minh rằng, mô hình do chúng tôi \r\nđề xuất đạt hiệu năng vượt trội so với các mô hình trước đó.', 0, 1, 15, '', 'disable', 1, 1, '2020-08-12 00:00:00', '2023-07-20 18:00:25', NULL, 'Trần Hồng Việt, Nguyễn Thu Hiền ', './public/upload/2023-07-20-13-00-255. Trần Hồng Việt.pdf'),
(169, 'Tạp chí NCKH số 28', 'Thép C40 là vật liệu khó gia công nhưng được ứng dụng nhiều trong thực tiễn. ', 'Thép C40 là vật liệu khó gia công nhưng được ứng dụng nhiều trong thực tiễn. Trong bài \r\nbáo, tác giả đã trình bày mô hình thực nghiệm gia công thép C40 trên máy tiện CNC, với sự \r\nhỗ trợ của phần mềm toán học Maple đã tìm ra mối quan hệ giữa thông số chế độ cắt với độ \r\nnhám bề mặt của chi tiết gia công. Từ đó, xác định được chế độ cắt theo tiêu chí tối ưu độ \r\nnhám bề mặt khi gia công thép C40 trên máy tiện ROTURN 400 C', 0, 1, 15, '', 'disable', 1, 1, '2021-05-17 00:00:00', '2023-07-20 18:01:46', NULL, 'Nguyễn Văn Trúc, Bùi Ánh Hưng, Trần Trọng Thể', './public/upload/2023-07-20-13-01-464. 5.Trúc MI.pdf'),
(170, 'Tạp chí NCKH số 29', 'Mục tiêu của nghiên cứu này là đánh giá ảnh hưởng của tỷ lệ maltodextrin bổ sung đến chất \r\nlượng của bột bơ. ', 'Mục tiêu của nghiên cứu này là đánh giá ảnh hưởng của tỷ lệ maltodextrin bổ sung đến chất \r\nlượng của bột bơ. Chất lượng của bột bơ được đánh giá dựa vào chỉ tiêu cảm quan và các \r\nchỉ liêu lý - hóa bao gồm khả năng giữ nước, độ ẩm, hàm lượng lipid, chỉ số acid và chỉ số \r\nperoxide và hàm lượng vitamin C. Kết quả thu được cho thấy tỷ lệ maltodextrin bổ sung phù \r\nhợp là 13%. Các tính chất lý - hóa của bột bơ thu được là: hàm lượng lipid tổng đạt 15,6%, \r\nđộ ẩm của bột bơ < 5%; chỉ số hư hỏng của dầu thấp: chỉ số peroxide đạt 16,18 meq/kg, chỉ \r\nsố acid đạt 2,69 mg/g; khả năng giữ nước của của bột cao', 0, 1, 15, '', 'disable', 1, 1, '2021-03-25 00:00:00', '2023-07-20 18:03:21', NULL, 'Nguyễn Thị Thảo, Nguyễn Văn Minh', './public/upload/2023-07-20-13-03-215. Thảo đã sửa.pdf'),
(171, 'Tạp chí NCKH số 30', 'Trong bài báo này, chúng tôi trình bày về việc biến tính cảm biến trên cơ sở màng SnO2 với \r\ncác hạt nano bạc hoặc platin nhằm tăng cường khả năng nhạy khí với khí hydro sulfua \r\n(H2S). ', 'Trong bài báo này, chúng tôi trình bày về việc biến tính cảm biến trên cơ sở màng SnO2 với \r\ncác hạt nano bạc hoặc platin nhằm tăng cường khả năng nhạy khí với khí hydro sulfua \r\n(H2S). Các cảm biến chế tạo được được khảo sát tính chất nhạy khí, cấu trúc hình thái học. \r\nKết quả nghiên cứu cho thấy sự có mặt của các hạt nano Ag hoặc Pt đều cải thiện đáng kể \r\nkhả năng nhạy khí của cảm biến với H2S. Trong đó các mẫu cảm biến biến tính với lớp hạt \r\nnano Ag (dày 1 mm) hay Pt (dày 4 mm) có khả năng nhạy khí tốt nhất ở 250 oC với nồng độ \r\nkhí H2S là 0,25 ppm', 0, 1, 15, '', 'disable', 1, 1, '2021-11-15 00:00:00', '2023-07-20 18:05:20', NULL, 'Vo Thanh Duoc, Duong Thi Thuy Trang, Nguyen Van Toan, Lam Thi Hang, Bui Tien Trinh, Nguyen Si Hai, Vu Ngoc Phan Phung Thi Hong Van, Nguyen Van Duy', './public/upload/2023-07-20-13-05-203 (6). Van Mi.pdf'),
(172, 'Tạp chí NCKH số 31', 'Bài báo so sánh kết quả mô phỏng và thực nghiệm áp suất màng dầu bôi trơn trong ổ đầu to \r\nđỡ thủy động.', 'Bài báo so sánh kết quả mô phỏng và thực nghiệm áp suất màng dầu bôi trơn trong ổ đầu to \r\nđỡ thủy động. Mô phỏng bôi trơn áp suất thủy động cho ổ đầu to thanh truyền trên cơ sở giải \r\ncác phương trình Reynolds, phương trình chiều dày màng dầu, phương trình cân bằng tải \r\nkết hợp mô phỏng số bôi trơn cho ổ bằng phương pháp mô hình hoá bài toán áp suất cho \r\nmàng dầu áp dụng phần tử hữu hạn. Thiết bị thực nghiệm với ổ đỡ thủy động chịu tải tác \r\ndụng trực tiếp lên ổ. Áp suất được đo bằng năm cảm biến đặt tại năm vị trí phân bố đều ở \r\nvùng áp suất dương và tại tiết diện giữa ổ theo phương chiều dài ổ. Kết quả nghiên cứu chỉ \r\nra rằng áp suất màng dầu bôi trơn trong ổ đỡ thủy động tăng lên khi tải tác dụng lên ổ tăng. \r\nKhi tải tác dụng lên ổ tăng lên thì áp suất màng dầu tại vị trí chiều dày màng dầu nhỏ nhất \r\nđạt giá trị lớn nhất và khi tăng tốc độ quay thì áp suất màng dầu tại vị trí lớn nhất giảm đi.\r\n', 0, 1, 15, '', 'disable', 1, 1, '2021-05-14 00:00:00', '2023-07-20 18:06:41', NULL, 'Trịnh Thị Mai, Phạm Trung Thiên, Nguyễn Ngọc Thể, Đỗ Văn Tỉnh', './public/upload/2023-07-20-13-06-414.Thiên MII.pdf'),
(173, 'Tạp chí NCKH số 32', 'Vật liệu có từ tính ngày càng được nghiên cứu rộng rãi, bởi những ứng dụng của nó vào \r\nthực tiễn rất có hiệu quả. TiO2 khi được gắn nên chất mang NiFe2O4 là chất xúc tác quang \r\nhoá, chúng có khả năng phân hủy nhiều hợp chất hữu cơ mang màu ra khỏi môi trường \r\nnước như metyl da cam. ', 'Vật liệu có từ tính ngày càng được nghiên cứu rộng rãi, bởi những ứng dụng của nó vào \r\nthực tiễn rất có hiệu quả. TiO2 khi được gắn nên chất mang NiFe2O4 là chất xúc tác quang \r\nhoá, chúng có khả năng phân hủy nhiều hợp chất hữu cơ mang màu ra khỏi môi trường \r\nnước như metyl da cam. Khi xử lý nước thải chứa các hợp chất hữu cơ mang màu, thì TiO2\r\nở dạng huyền phù trong môi trường nước, thường không thể thu hồi lại được TiO2 để tái sử \r\ndụng, gây lãng phí, gây ô nhiễm môi trường, tạo ra chất thải rắn. Hạt tinh thể nano NiFe2O4\r\nđược tổng hợp bằng phương pháp thuỷ nhiệt và được sử dụng làm chất mang xúc tác \r\nquang hóa TiO2. Bài báo này là kết quả nghiên cứu ứng dụng phân huỷ hợp chất hữu cơ \r\nmetyl da cam có nồng độ 2M bằng chất xúc tác quang hoá TiO2, sau 12 giờ xử lý đạt hiệu \r\nsuất 98,7%. Thu hồi được TiO2 để tái sử dụng lại nhiều lần, mà không tạo ra chất thải rắn \r\nTiO2 trong quá trình xử lý các hợp chất hữu cơ mang màu trong môi trường nước. Kết quả \r\nnghiên cứu là cơ sở khoa học cho việc áp dụng vào thực tiễn các quá trình công nghệ \r\nsản xuất', 0, 1, 15, '', 'disable', 1, 1, '2021-06-21 00:00:00', '2023-07-20 18:07:58', NULL, 'Trần Thị Hà', './public/upload/2023-07-20-13-07-584. Hà.pdf'),
(174, 'Tạp chí NCKH số 33', 'Thế giới bùng nổ cuộc Cách mạng công nghiệp 4.0 với các ứng dụng robot và trí tuệ nhân \r\ntạo đi sâu vào cuộc sống cũng như sinh hoạt hàng ngày. Các robot cũng như thiết bị tự động \r\nđang trở nên thông minh hơn theo cách của chúng để tương tác với cả con người cũng như \r\ngiao tiếp giữa các thiết bị với nhau.', 'Thế giới bùng nổ cuộc Cách mạng công nghiệp 4.0 với các ứng dụng robot và trí tuệ nhân \r\ntạo đi sâu vào cuộc sống cũng như sinh hoạt hàng ngày. Các robot cũng như thiết bị tự động \r\nđang trở nên thông minh hơn theo cách của chúng để tương tác với cả con người cũng như \r\ngiao tiếp giữa các thiết bị với nhau. Lĩnh vực xử lý ngôn ngữ tự nhiên trong trí tuệ nhân tạo \r\nlà công nghệ nhận biết ngôn ngữ tự nhiên của con người ngày càng phát triển và được ứng \r\ndụng rộng rãi. Những nghiên cứu này sẽ hỗ trợ tương tác tự nhiên giữa người và máy, trong \r\nđó máy sẽ học cách hiểu ngôn ngữ của con người, điều chỉnh và tương tác chủ động. Bài \r\nbáo này nghiên cứu trợ lý ảo có thể chủ động giao tiếp, tương tác với người sử dụng bằng \r\ncông nghệ trí thông minh nhân tạo. Mô hình huấn luyện nhận diện giọng nói và phân tích \r\ngiọng nói phát triển trên thư viện Speech recognition, phân tích âm thanh qua thư viện \r\nPyaudio và playsound, nguồn dữ liệu tìm kiếm truy vấn trên cơ sở dữ liệu trực tuyến. Công \r\nnghệ xây dựng trợ lý ảo hoàn toàn sử dụng thư viện mã nguồn mở, không bị hạn chế bởi \r\nđám mây lưu chữ thông tin và dữ liệu huấn luyện đầu vào. Trợ lý ảo có thể ứng dụng rộng \r\nrãi trong giao tiếp, giáo dục, và các ngành dịch vụ đạt độ chính xác hơn 90% và nhóm đang \r\ntiếp tục cải thiện tối ưu hóa hệ thống.', 0, 1, 15, '', 'disable', 1, 1, '1970-01-01 01:00:00', '2023-07-20 18:09:31', '2023-07-20 18:14:07', 'Nguyễn Tiến Dũng, Phạm Trung Thiên*, Lê Ngọc Dũng, Đỗ Văn Tỉnh, Vũ Xuân Tú, Nguyễn Văn Hiệp, \r\nNguyễn Ngọc Thể', './public/upload/2023-07-20-13-09-315.(8) Thiên MI.pdf'),
(176, 'Tạp chí NCKH số 34', 'Vật liệu điện cực cacbon xốp dẫn điện trên cơ sở cacbon hoạt tính gáo dừa đã được chế tạo \r\nlàm điện cực xử lý nước lợ theo công nghệ điện dung khử ion (Capacitive Deionization -\r\nCDI).', 'Vật liệu điện cực cacbon xốp dẫn điện trên cơ sở cacbon hoạt tính gáo dừa đã được chế tạo \r\nlàm điện cực xử lý nước lợ theo công nghệ điện dung khử ion (Capacitive Deionization -\r\nCDI). Ảnh hưởng của thông số chiều dày màng compozit và điện thế áp đặt đến tính chất \r\nđặc trưng cũng như khả năng hấp phụ muối của điện cực đã được nghiên cứu. Kết quả của \r\nnghiên cứu này chỉ ra rằng chiều dày màng là một thông số quan trọng ảnh hưởng đến dung \r\nlượng hấp phụ muối của điện cực. Màng compozit chế tạo càng dày thì điện trở khối của \r\nđiện cực càng lớn dẫn đến giảm dung lượng hấp phụ muối. Nghiên cứu ảnh hưởng của \r\nđiện thế áp đặt đến điện dung hấp phụ của vật liệu cho thấy giá trị độ hấp phụ muối cực đại \r\nSAC đạt cao nhất tại điện thế 1,2 V (10,93 mg/g và 11,97 mg/g cho chế độ hoạt động tuần \r\nhoàn và chế độ hoạt động liên tục).\r\n', 0, 1, 15, '', 'disable', 1, 1, '2022-09-15 00:00:00', '2023-07-20 18:13:57', NULL, 'Nguyễn Thị Thơm, Võ Thị Kiều Anh, Nguyễn Thị Thu Trang, Nguyễn Thu Phương, Đinh Thị Mai Thanh, Phạm Thị Năm, Trần Đại Lâm, Huỳnh Lê Thanh Nguyên, Nguyễn Thái ', './public/upload/2023-07-20-13-13-574. Thơm.pdf'),
(177, 'Tạp chí NCKH số 35', 'Sản xuất vật liệu từ phế phụ phẩm của ngành chế biến nông sản thay thế cho nhựa tổng \r\nhợp đang trở thành xu hướng gần đây. ', 'Sản xuất vật liệu từ phế phụ phẩm của ngành chế biến nông sản thay thế cho nhựa tổng \r\nhợp đang trở thành xu hướng gần đây. Trong nghiên cứu này, bã nghệ - phụ phẩm của quá \r\ntrình chế biến các sản phẩm từ củ nghệ được sử dụng làm nguyên liệu chính. Với mục tiêu \r\nlà xác định được điều kiện xử lý bã nghệ thích hợp để tạo màng bao gói thực phẩm, các \r\nthông số của quá trình xử lý cơ học và xử lý hóa học bã nghệ được khảo sát. Kết quả cho \r\nthấy, xử lý cơ học bã nghệ bằng máy nghiền bi ở 4 h - 600 vòng/phút, sau đó, xử lý hóa học \r\nbã nghệ bằng NaOH 2,5% trong 4 h và tẩy trắng bằng NaClO 3,3% ở 25ºC trong 4 h sẽ thu \r\nđược bã nghệ khi sử dụng để tạo màng có các đặc điểm về độ dày 71 µm, độ bền kéo 18,85 \r\nMPa, độ giãn dài khi đứt 2,54%, độ ẩm 14,6% và độ hòa tan 36,43%', 0, 1, 15, '', 'disable', 1, 1, '2022-10-04 00:00:00', '2023-07-20 18:15:31', NULL, 'Phạm Thị Thu Hoài1, Đỗ Thị Thạch Thảo, Phạm Thị Thu, Đặng Thảo Yến Linh', './public/upload/2023-07-20-13-15-314. C Hoài MI.pdf'),
(178, 'Tạp chí NCKH số 36', 'Mạng cảm biến vô tuyến công nghiệp cần có các giải pháp mã kênh mạnh với các gói tin \r\nngắn. ', 'Mạng cảm biến vô tuyến công nghiệp cần có các giải pháp mã kênh mạnh với các gói tin \r\nngắn. Mã tích là họ mã kênh chỉ cần với chiều dài từ mã ngắn, đã đạt khả năng sửa lỗi rất tốt \r\ndo có khoảng cách Hamming cực tiểu lớn. Vì quá trình giải mã phức tạp nên hiện nay mã \r\ntích vẫn chưa được đề xuất ứng dụng trong các hệ thống truyền tin. Với mong muốn khai \r\nthác khả năng kiểm soát lỗi của mã tích trong các ứng dụng truyền tin hiện đại, bài báo này \r\ndựa vào cơ sở lý thuyết giải mã tích, lựa chọn mã Hamming làm mã thành phần, đề xuất \r\nthuật toán giải mã lặp áp dụng phù hợp với mã tích cho chất lượng giải mã tốt với độ phức \r\ntạp chấp nhận được. Kết quả mô phỏng cho thấy, tại tỉ lệ lỗi bit (BER) 105\r\n, yêu cầu về tỉ lệ \r\ncông suất tín hiệu trên tạp âm chỉ cần 3,7 dB nếu sử dụng mã Hamming (31, 26) làm mã \r\nthành phần.\r\n', 0, 1, 15, '', 'disable', 1, 1, '2022-05-23 00:00:00', '2023-07-20 18:17:02', NULL, 'Nguyễn Thị Hồng Nhung, Phạm Văn Nam', './public/upload/2023-07-20-13-17-026.  Nhung MI.pdf'),
(179, 'Tạp chí NCKH số 37', 'Bài báo trình bày cách sử dụng Python lõi xây dựng một modul thực hiện tính toán một số \r\nphép tính toán ma trận. ', 'Bài báo trình bày cách sử dụng Python lõi xây dựng một modul thực hiện tính toán một số \r\nphép tính toán ma trận. Modul được xây dựng một cách trực quan, rõ ràng bởi tập các hàm \r\nđược lập trình dựa trên các thuật toán về các phép toán về ma trận trong đại số tuyến tính', 0, 1, 15, '', 'disable', 1, 1, '2022-09-12 00:00:00', '2023-07-20 18:18:53', NULL, 'Chu Bình Minh, Trần Bảo Trung, Nguyễn Mai Quyên', './public/upload/2023-07-20-13-18-536. Minh MI_10_4_2023.pdf'),
(180, 'Tạp chí NCKH số 38', 'In recent years, clean water is increasingly scarce due to increased human demand, \r\nuntreated wastewater is the cause of water quality deterioration.', 'In recent years, clean water is increasingly scarce due to increased human demand, \r\nuntreated wastewater is the cause of water quality deterioration. The aquaculture industry \r\nbrings benefits in terms of food for humans, but the water sourses can be easily polluted by \r\ndecomposition of redundant aqua feed and organic waste. In this study, saline wastewater \r\nis treated by electrochemical oxidation with two types of Graphite and Ti/RuO2 electrodes. \r\nExperiments were conducted to investigate the effect of reaction conditions such as salt \r\nconcentration, current density, electrolysis time and pH on COD removal efficiency and \r\nelectrode activity. Ti/RuO2 electrode showed better handling ability than graphite electrode \r\nat the same reaction condition. For the optimal efficiency of COD removal and anode \r\nactivity, the electrolysis of saline wastewater is set at 2% salt content, at 45 mA/cm2 current \r\ndensity, in 60 minutes reaction , at 6 pH value. In this condition, COD treatment efficiency \r\nreached 87.7% (anode graphite) and 92.9% (anode Ti/RuO2), electrode efficiency reached \r\n0,208 kg/h.A.m2\r\n(anode graphite) and 0,22 kg/h.A.m2\r\n(anode Ti/RuO2).\r\n', 0, 1, 15, '', 'disable', 1, 1, '1970-01-01 01:00:00', '2023-07-20 18:20:48', '2023-07-20 18:21:13', 'Le Thi My Hanh, Vu Xuan Minh, Pham Thi Lan, Nguyen Tuan Dung, Nguyen Thi Phuong Lan, Tran Dai Lam', './public/upload/2023-07-20-13-20-484. Hạnh.pdf'),
(181, 'Tạp chí NCKH số 11', 'Hoạt động kinh doanh của các doanh nghiệp nói chung và doanh nghiệp may mặc nói \r\nriêng ngày càng mở rộng và cạnh tranh giữa các doanh nghiệp càng trở nên gay gắt. Khi \r\nđó, thông tin trở thành một nguồn lực quan trọng đối với các doanh nghiệp nói riêng và \r\nđối với nền kinh tế xã hội nói chung. Ngày nay, thông tin kế toán được sử dụng nhằm \r\ncung cấp thông tin phục vụ công tác quản trị cho đơn vị, nhằm nâng cao hiệu quả hoạt \r\nđộng kinh doanh. Tổ chức công tác kế toán đóng vai trò quan trọng đối với công tác \r\nquản lý và quá trình ra quyết định kinh doanh với mục đích chính là để tạo ra thông tin \r\nphục vụ cho việc ra quyết định kinh doanh. Cách thu thập, phân tích, xử lý, phân phối và \r\nlưu trữ thông tin kế toán đã được thay đổi trong những năm qua; Tuy nhiên, thông tin kế\r\ntoán luôn luôn là một phần quan trọng trong hoạt động kinh doanh. Bên cạnh những mặt \r\nđã đạt được trong tổ chức công tác kế toán của các doanh nghiệp may mặc thì công tác \r\nnày cũng đang cho thấy còn nhiều hạn chế từ khâu thu thập, xử lý, cung cấp và phân \r\ntích thông tin', 'Hoạt động kinh doanh của các doanh nghiệp nói chung và doanh nghiệp may mặc nói \r\nriêng ngày càng mở rộng và cạnh tranh giữa các doanh nghiệp càng trở nên gay gắt. Khi \r\nđó, thông tin trở thành một nguồn lực quan trọng đối với các doanh nghiệp nói riêng và \r\nđối với nền kinh tế xã hội nói chung. Ngày nay, thông tin kế toán được sử dụng nhằm \r\ncung cấp thông tin phục vụ công tác quản trị cho đơn vị, nhằm nâng cao hiệu quả hoạt \r\nđộng kinh doanh. Tổ chức công tác kế toán đóng vai trò quan trọng đối với công tác \r\nquản lý và quá trình ra quyết định kinh doanh với mục đích chính là để tạo ra thông tin \r\nphục vụ cho việc ra quyết định kinh doanh. Cách thu thập, phân tích, xử lý, phân phối và \r\nlưu trữ thông tin kế toán đã được thay đổi trong những năm qua; Tuy nhiên, thông tin kế\r\ntoán luôn luôn là một phần quan trọng trong hoạt động kinh doanh. Bên cạnh những mặt \r\nđã đạt được trong tổ chức công tác kế toán của các doanh nghiệp may mặc thì công tác \r\nnày cũng đang cho thấy còn nhiều hạn chế từ khâu thu thập, xử lý, cung cấp và phân \r\ntích thông tin', 0, 1, 22, '', 'disable', 1, 1, '2016-09-25 00:00:00', '2023-07-20 20:04:03', NULL, 'Ngô Thành Nam', './public/upload/2023-07-20-15-04-0311. Nam.pdf'),
(182, 'Tạp chí NCKH số 12', 'Ngày nay, sự phát triển của công nghệ thông tin và mạng Internet đã dẫn đến sự thay đổi của các hoạt động marketing theo hướng gia tăng các ứng dụng trên nền tảng Internet. Việc tiếp cận và thỏa mãn nhu cầu khách hàng qua các kênh trực tuyến như email, mạng xã hội, website… đang ngày càng trở nên phổ biến. Trong những năm gần đây, các ngân hàng thương mại của Việt Nam đã tăng cường ứng dụng các công cụ marketing trực tuyến vào hoạt động của mình, giúp ngân hàng và khách hàng tiết kiệm được thời gian và chi phí giao dịch.\r\nTrên cơ sở hệ thống hóa một số vấn đề lý luận về các công cụ marketing trực tuyến và thực tiễn triển khai các công cụ này tại các ngân hàng thương mại Việt Nam thời gian qua, bài viết đã đưa ra các giải pháp nhằm tăng cường ứng dụng các công cụ marketing trực tuyến trong hoạt động giao dịch cũng như quảng bá hình ảnh của ngân hàng thương mại Việt Nam.\r\n', 'Ngày nay, sự phát triển của công nghệ thông tin và mạng Internet đã dẫn đến sự thay đổi của các hoạt động marketing theo hướng gia tăng các ứng dụng trên nền tảng Internet. Việc tiếp cận và thỏa mãn nhu cầu khách hàng qua các kênh trực tuyến như email, mạng xã hội, website… đang ngày càng trở nên phổ biến. Trong những năm gần đây, các ngân hàng thương mại của Việt Nam đã tăng cường ứng dụng các công cụ marketing trực tuyến vào hoạt động của mình, giúp ngân hàng và khách hàng tiết kiệm được thời gian và chi phí giao dịch.\r\nTrên cơ sở hệ thống hóa một số vấn đề lý luận về các công cụ marketing trực tuyến và thực tiễn triển khai các công cụ này tại các ngân hàng thương mại Việt Nam thời gian qua, bài viết đã đưa ra các giải pháp nhằm tăng cường ứng dụng các công cụ marketing trực tuyến trong hoạt động giao dịch cũng như quảng bá hình ảnh của ngân hàng thương mại Việt Nam.\r\n', 0, 1, 23, '', 'disable', 1, 1, '2017-02-20 00:00:00', '2023-07-20 20:14:19', NULL, 'Nguyễn Thu Quỳnh', './public/upload/2023-07-20-15-14-1912. Quỳnh (2).doc'),
(183, 'Tạp chí NCKH số 13', 'Thành tựu của hoạt động bán lẻ là kết quả của một chuỗi các hoạt động, phản ánh nỗ lực của các nhà bán lẻ và mức độ đóng góp vào sự tăng trưởng của nền kinh tế.  Mô hình nghiên cứu AERO đưa ra một cách tiếp cận nhằm nghiên cứu và đánh giá đầy đủ những tác động đến thành công của các nhà bán lẻ, chỉ ra những con đường để cải thiện hoạt động, nâng cao hiệu quả kinh doanh trong dịch vụ bán lẻ.  Bài viết cũng tiếp tục phát triển cách tiếp cận này trong điều kiện thị trường bán lẻ Việt Nam, nhằm gợi ý một số vấn đề cần thiết để nâng cao hiệu quả bán lẻ liên quan đến: nhân viên bán hàng, khách hàng và các hoạt động logicstics tại cửa hàng và việc ứng dụng công nghệ trong bán lẻ.', 'Thành tựu của hoạt động bán lẻ là kết quả của một chuỗi các hoạt động, phản ánh nỗ lực của các nhà bán lẻ và mức độ đóng góp vào sự tăng trưởng của nền kinh tế.  Mô hình nghiên cứu AERO đưa ra một cách tiếp cận nhằm nghiên cứu và đánh giá đầy đủ những tác động đến thành công của các nhà bán lẻ, chỉ ra những con đường để cải thiện hoạt động, nâng cao hiệu quả kinh doanh trong dịch vụ bán lẻ.  Bài viết cũng tiếp tục phát triển cách tiếp cận này trong điều kiện thị trường bán lẻ Việt Nam, nhằm gợi ý một số vấn đề cần thiết để nâng cao hiệu quả bán lẻ liên quan đến: nhân viên bán hàng, khách hàng và các hoạt động logicstics tại cửa hàng và việc ứng dụng công nghệ trong bán lẻ.', 0, 1, 26, '', 'disable', 1, 1, '2017-05-25 00:00:00', '2023-07-20 20:17:42', NULL, 'Phạm Thúy Hồng', './public/upload/2023-07-20-15-17-4212.13. PT Hồng.doc'),
(184, 'Tạp chí NCKH số 14', 'Hoạt động marketing của mỗi doanh nghiệp đóng một vai trò quan trọng, quyết định vị trí \r\ncủa doanh nghiệp trên thị trường. Nó bắt đầu từ việc nghiên cứu thị trường và sau đó \r\nquyết định các hàng hoá sẽ được sản xuất, thực hiện sản xuất và phân phối. Trước sức \r\nép hội nhập quốc tế, các doanh nghiệp vừa và nhỏ đang đứng trước thách thức và cơ \r\nhội, đòi hỏi phải đáp ứng yêu cầu ngày càng gay gắt của cơ chế kinh tế thị trường. \r\nNgười tiêu dùng ngày càng có nhiều sự lựa chọn hơn cho nhu cầu của mình. Vì vậy, để\r\ncác doanh nghiệp nâng cao được năng lực cạnh tranh trong thời kỳ hội nhập, nhất là các \r\ndoanh nghiệp vừa và nhỏ, cần phải tăng cường năng lực quản trị kinh doanh, trong đó \r\nđặc biệt chú trọng tới việc xây dựng một đội ngũ marketing năng động, hiệu quả. Bài báo \r\nphản ánh thực trạng tình hình nhân sự có chuyên môn marketing và đề xuất các giải \r\npháp, nhằm nâng cao chất lượng đội ngũ marketing. Những giải pháp này sẽ là cơ sở\r\nkhoa học cho việc áp dụng vào thực tế tại các doanh nghiệp vừa và nhỏ ở Việt Nam \r\nhiện nay.\r\n', 'Hoạt động marketing của mỗi doanh nghiệp đóng một vai trò quan trọng, quyết định vị trí \r\ncủa doanh nghiệp trên thị trường. Nó bắt đầu từ việc nghiên cứu thị trường và sau đó \r\nquyết định các hàng hoá sẽ được sản xuất, thực hiện sản xuất và phân phối. Trước sức \r\nép hội nhập quốc tế, các doanh nghiệp vừa và nhỏ đang đứng trước thách thức và cơ \r\nhội, đòi hỏi phải đáp ứng yêu cầu ngày càng gay gắt của cơ chế kinh tế thị trường. \r\nNgười tiêu dùng ngày càng có nhiều sự lựa chọn hơn cho nhu cầu của mình. Vì vậy, để\r\ncác doanh nghiệp nâng cao được năng lực cạnh tranh trong thời kỳ hội nhập, nhất là các \r\ndoanh nghiệp vừa và nhỏ, cần phải tăng cường năng lực quản trị kinh doanh, trong đó \r\nđặc biệt chú trọng tới việc xây dựng một đội ngũ marketing năng động, hiệu quả. Bài báo \r\nphản ánh thực trạng tình hình nhân sự có chuyên môn marketing và đề xuất các giải \r\npháp, nhằm nâng cao chất lượng đội ngũ marketing. Những giải pháp này sẽ là cơ sở\r\nkhoa học cho việc áp dụng vào thực tế tại các doanh nghiệp vừa và nhỏ ở Việt Nam \r\nhiện nay.\r\n', 0, 1, 27, '', 'disable', 1, 1, '2017-04-17 00:00:00', '2023-07-20 20:18:49', NULL, 'Đoàn Thị Diệp Uyển\r\n', './public/upload/2023-07-20-15-18-4911. uyển.pdf'),
(185, 'Tạp chí NCKH số 15', 'Là một quốc gia có nền kinh tế đang phát triển, Việt Nam đã và đang từng bước tiến vào \r\nhội nhập kinh tế toàn cầu. Để có thể cạnh tranh được trên thị trường đòi hỏi các doanh \r\nnghiệp phải có được phương án cải tiến về quản trị doanh nghiệp. Trong đó, việc xây \r\ndựng hệ thống thông tin kế toán quản trị đáp ứng nhu cầu thông tin kế toán cho các nhà \r\nquản lý là vấn đề then chốt. Từ đó, giúp các nhà quản lý đưa ra quyết định nhanh chóng, \r\nchính xác, góp phần nâng cao hiệu quả quản trị doanh nghiệp và hoạt động sản xuất\r\nkinh doanh.', 'Là một quốc gia có nền kinh tế đang phát triển, Việt Nam đã và đang từng bước tiến vào \r\nhội nhập kinh tế toàn cầu. Để có thể cạnh tranh được trên thị trường đòi hỏi các doanh \r\nnghiệp phải có được phương án cải tiến về quản trị doanh nghiệp. Trong đó, việc xây \r\ndựng hệ thống thông tin kế toán quản trị đáp ứng nhu cầu thông tin kế toán cho các nhà \r\nquản lý là vấn đề then chốt. Từ đó, giúp các nhà quản lý đưa ra quyết định nhanh chóng, \r\nchính xác, góp phần nâng cao hiệu quả quản trị doanh nghiệp và hoạt động sản xuất\r\nkinh doanh.', 0, 1, 23, '', 'disable', 1, 1, '2018-04-03 00:00:00', '2023-07-20 20:19:51', NULL, 'Trần Thị Quỳnh Giang', './public/upload/2023-07-20-15-19-5110. Giang.pdf'),
(186, 'Tạp chí NCKH số 16', 'Việc xác định chế độ cắt tối ưu cho quá trình mài nhằm nâng cao chất lượng chi tiết và \r\nhạ giá thành sản phẩm rất quan trọng trong quá trình gia công. Thép X12M thuộc nhóm \r\nthép hợp kim cao, có độ bền nhiệt và độ bền cơ học cao. Vật liệu này thường dùng để\r\nchế tạo các chi tiết máy chính xác, chịu tải va đập lớn, chịu mài mòn và ăn mòn hóa học.\r\nTrong bài báo này, trên cơ sở ứng dụng phần mềm toán học Mable, tác giả đã kết hợp \r\ngiữa phân tích lý thuyết với thực nghiệm để tìm ra bộ thông số chế độ cắt tối ưu khi gia \r\ncông thép X12M trên máy mài tròn ngoài.', 'Việc xác định chế độ cắt tối ưu cho quá trình mài nhằm nâng cao chất lượng chi tiết và \r\nhạ giá thành sản phẩm rất quan trọng trong quá trình gia công. Thép X12M thuộc nhóm \r\nthép hợp kim cao, có độ bền nhiệt và độ bền cơ học cao. Vật liệu này thường dùng để\r\nchế tạo các chi tiết máy chính xác, chịu tải va đập lớn, chịu mài mòn và ăn mòn hóa học.\r\nTrong bài báo này, trên cơ sở ứng dụng phần mềm toán học Mable, tác giả đã kết hợp \r\ngiữa phân tích lý thuyết với thực nghiệm để tìm ra bộ thông số chế độ cắt tối ưu khi gia \r\ncông thép X12M trên máy mài tròn ngoài.', 0, 1, 15, '', 'disable', 1, 1, '2018-05-05 00:00:00', '2023-07-20 20:21:41', NULL, 'Nguyễn Văn Trúc, Bùi Ánh Hưng, Trịnh Thị Mai', './public/upload/2023-07-20-15-21-41Tạp chí số 16.pdf'),
(187, 'Tạp chí NCKH số 17', 'Rung động là trạng thái giới hạn của tự dao động trong quá trình gia công, là nguyên nhân chính hạn chế năng suất và chất lượng chi tiết gia công. Vì vậy các công trình nghiên cứu hiện nay đều tập trung vào phát hiện, nhận dạng, tránh, ngăn ngừa, giảm hoặc loại trừ rung động. Có nhiều phương pháp phát hiện và đo rung động đã được đề xuất, mỗi phương pháp có ưu, nhược điểm riêng. Bài báo này trình bày phương pháp dựa trên quan hệ giữa lực mài và các thông số rung động. Kết quả nghiên cứu đã chỉ ra rằng tín hiệu lực cắt không chỉ giúp phát hiện rung động mà còn dự báo nó trước khi xảy ra.', 'Rung động là trạng thái giới hạn của tự dao động trong quá trình gia công, là nguyên nhân chính hạn chế năng suất và chất lượng chi tiết gia công. Vì vậy các công trình nghiên cứu hiện nay đều tập trung vào phát hiện, nhận dạng, tránh, ngăn ngừa, giảm hoặc loại trừ rung động. Có nhiều phương pháp phát hiện và đo rung động đã được đề xuất, mỗi phương pháp có ưu, nhược điểm riêng. Bài báo này trình bày phương pháp dựa trên quan hệ giữa lực mài và các thông số rung động. Kết quả nghiên cứu đã chỉ ra rằng tín hiệu lực cắt không chỉ giúp phát hiện rung động mà còn dự báo nó trước khi xảy ra.', 0, 1, 15, '', 'disable', 1, 1, '2018-05-26 00:00:00', '2023-07-20 20:23:10', NULL, 'Phạm Vũ Dũng', './public/upload/2023-07-20-15-23-10File 17 MI.doc'),
(188, 'Tạp chí NCKH số 19', 'Phát âm là phần không thể thiếu của việc học ngôn ngữ bởi vì không có nó chúng ta sẽ gặp rất nhiều khó khăn trong việc giao tiếp với nhau. Đặc biệt, người học là người Việt Nam chưa hiểu sâu rộng về cách phát âm tiếng Anh, thậm chí cả những người mong muốn trở thành giáo viên hay người phiên dịch tiếng Anh tương lai. Vấn đề này xuất phát từ thực tế là người học thiếu sự phản hồi thường xuyên về phát âm từ các giáo viên tiếng Anh của họ từ các khía cạch khác nhau của phát âm. Vì vậy nghiên cứu hành động này đã được thực hiện nhằm tìm ra các câu trả lời cho ba câu hỏi nghiên cứu: (1) Lí do dẫn đến việc sinh viên phát âm kém là gì? (2) Các vấn đề mà sinh viên thường gặp khi phát âm các ký hiệu phụ âm tiếng Anh là gì? (3) Phản hồi thường xuyên có thể nâng cao khả năng phát âm cho sinh viên không? Nếu có thì trong phạm vi nào?', 'Phát âm là phần không thể thiếu của việc học ngôn ngữ bởi vì không có nó chúng ta sẽ gặp rất nhiều khó khăn trong việc giao tiếp với nhau. Đặc biệt, người học là người Việt Nam chưa hiểu sâu rộng về cách phát âm tiếng Anh, thậm chí cả những người mong muốn trở thành giáo viên hay người phiên dịch tiếng Anh tương lai. Vấn đề này xuất phát từ thực tế là người học thiếu sự phản hồi thường xuyên về phát âm từ các giáo viên tiếng Anh của họ từ các khía cạch khác nhau của phát âm. Vì vậy nghiên cứu hành động này đã được thực hiện nhằm tìm ra các câu trả lời cho ba câu hỏi nghiên cứu: (1) Lí do dẫn đến việc sinh viên phát âm kém là gì? (2) Các vấn đề mà sinh viên thường gặp khi phát âm các ký hiệu phụ âm tiếng Anh là gì? (3) Phản hồi thường xuyên có thể nâng cao khả năng phát âm cho sinh viên không? Nếu có thì trong phạm vi nào?', 0, 1, 23, '', 'disable', 1, 1, '2019-05-15 00:00:00', '2023-07-20 20:25:27', NULL, 'Trần Thị Quỳnh', './public/upload/2023-07-20-15-25-2711. Quỳnh.doc'),
(189, 'Tạp chí NCKH số 20', 'Mục tiêu của bài viết là xác định các yếu tố ảnh hưởng tới giá phí kiểm toán trong các doanh nghiệp dệt may Việt Nam. Nghiên cứu được thực hiện trên 186 kiểm toán viên, sử dụng phương pháp phân tích PLS trên Smart PLS 3.0. Kết quả cho thấy, giá phí kiểm toán trong các doanh nghiệp dệt may Việt Nam được xác định bởi quy mô của công ty được kiểm toán, loại dịch vụ chuyên nghiệp do công ty kiểm toán cung cấp, sự an toàn của hệ thống kiểm soát nội bộ của công ty kiểm toán và liên kết của công ty kiểm toán với bốn công ty kiểm toán quốc tế lớn. Các yếu tố như vị trí của công ty kiểm toán và vị trí của công ty được kiểm toán, mức độ phức tạp của công ty được kiểm toán và loại báo cáo cần phải nộp của công ty kiểm toán là những yếu tố ít quan trọng nhất.', 'Mục tiêu của bài viết là xác định các yếu tố ảnh hưởng tới giá phí kiểm toán trong các doanh nghiệp dệt may Việt Nam. Nghiên cứu được thực hiện trên 186 kiểm toán viên, sử dụng phương pháp phân tích PLS trên Smart PLS 3.0. Kết quả cho thấy, giá phí kiểm toán trong các doanh nghiệp dệt may Việt Nam được xác định bởi quy mô của công ty được kiểm toán, loại dịch vụ chuyên nghiệp do công ty kiểm toán cung cấp, sự an toàn của hệ thống kiểm soát nội bộ của công ty kiểm toán và liên kết của công ty kiểm toán với bốn công ty kiểm toán quốc tế lớn. Các yếu tố như vị trí của công ty kiểm toán và vị trí của công ty được kiểm toán, mức độ phức tạp của công ty được kiểm toán và loại báo cáo cần phải nộp của công ty kiểm toán là những yếu tố ít quan trọng nhất.', 0, 1, 26, '', 'disable', 1, 1, '2019-05-28 00:00:00', '2023-07-20 20:26:44', NULL, 'Đinh Thị Kim Xuyến, Vũ Thị Vân Anh', './public/upload/2023-07-20-15-26-4411. Xuyến (đã sửa).doc'),
(190, 'Tạp chí NCKH số 22', 'Mô hình dạy học kết hợp - Blended Learning (B-Learning) là một hình thức dạy học đang \r\nđược nghiên cứu và triển khai rộng rãi trên thế giới. Những nghiên cứu cho thấy B-Learning \r\nkhá phù hợp với dạy học ở bậc đại học trong thời đại kỉ nguyên số. Bằng việc phân tích các \r\nmô hình B-Learning và các đặc điểm dạy học tại Trường Đại học Kinh tế - Kỹ thuật Công \r\nnghiệp (UNETI), tác giả đã đề xuất các định hướng thiết kế B-Learning phù hợp để nâng cao \r\nchất lượng dạy và học tại trường.\r\n', 'Mô hình dạy học kết hợp - Blended Learning (B-Learning) là một hình thức dạy học đang \r\nđược nghiên cứu và triển khai rộng rãi trên thế giới. Những nghiên cứu cho thấy B-Learning \r\nkhá phù hợp với dạy học ở bậc đại học trong thời đại kỉ nguyên số. Bằng việc phân tích các \r\nmô hình B-Learning và các đặc điểm dạy học tại Trường Đại học Kinh tế - Kỹ thuật Công \r\nnghiệp (UNETI), tác giả đã đề xuất các định hướng thiết kế B-Learning phù hợp để nâng cao \r\nchất lượng dạy và học tại trường.\r\n', 0, 1, 22, '', 'disable', 1, 1, '2020-05-26 00:00:00', '2023-07-20 20:28:03', NULL, 'Nguyễn Trường Giang\r\n', './public/upload/2023-07-20-15-28-0312. Giang.pdf'),
(191, 'Tạp chí NCKH số 23', 'Mục tiêu của bài báo là tổng quan các nghiên cứu liên quan tới khởi nghiệp, ý định khởi nghiệp, các doanh nghiệp khởi nghiệp và quan trọng hơn cả là các chỉ tiêu, tiêu chí đánh giá hiệu quả hoạt động của các doanh nghiệp khởi nghiệp. Bài báo là nền tảng quan trọng để các nghiên cứu trong tương lai về chủ đề khởi nghiệp và đánh giá hiệu quả hoạt động của các doanh nghiệp khởi nghiệp kế thừa và phát triển', 'Mục tiêu của bài báo là tổng quan các nghiên cứu liên quan tới khởi nghiệp, ý định khởi nghiệp, các doanh nghiệp khởi nghiệp và quan trọng hơn cả là các chỉ tiêu, tiêu chí đánh giá hiệu quả hoạt động của các doanh nghiệp khởi nghiệp. Bài báo là nền tảng quan trọng để các nghiên cứu trong tương lai về chủ đề khởi nghiệp và đánh giá hiệu quả hoạt động của các doanh nghiệp khởi nghiệp kế thừa và phát triển', 0, 1, 24, '', 'disable', 1, 1, '2020-05-25 00:00:00', '2023-07-20 20:32:24', NULL, 'Trần Ngọc Ban', './public/upload/2023-07-20-15-32-2411. Ban.doc'),
(192, 'Tạp chí NCKH số 24', 'Nghiên cứu này được thực hiện để tìm hiểu nhận thức của các doanh nghiệp Việt Nam về những lợi ích khi áp dụng giá trị hợp lý (GTHL) trong kế toán và ảnh hưởng của nó đến sự ủng hộ áp dụng. Dữ liệu nghiên cứu được thu thập thông qua khảo sát quan điểm của người lập Báo cáo tài chính (BCTC) tại các doanh nghiệp Việt Nam. Kết quả nghiên cứu cho thấy rằng nhận thức về lợi ích nâng cao chất lượng BCTC và tăng tính hợp pháp quốc tế khi áp dụng là những nhân tố có ảnh hưởng tích cực đến sự ủng hộ áp dụng GTHL trong kế toán tại các doanh nghiệp Việt Nam.', 'Nghiên cứu này được thực hiện để tìm hiểu nhận thức của các doanh nghiệp Việt Nam về những lợi ích khi áp dụng giá trị hợp lý (GTHL) trong kế toán và ảnh hưởng của nó đến sự ủng hộ áp dụng. Dữ liệu nghiên cứu được thu thập thông qua khảo sát quan điểm của người lập Báo cáo tài chính (BCTC) tại các doanh nghiệp Việt Nam. Kết quả nghiên cứu cho thấy rằng nhận thức về lợi ích nâng cao chất lượng BCTC và tăng tính hợp pháp quốc tế khi áp dụng là những nhân tố có ảnh hưởng tích cực đến sự ủng hộ áp dụng GTHL trong kế toán tại các doanh nghiệp Việt Nam.', 0, 1, 23, '', 'disable', 1, 1, '2020-04-28 00:00:00', '2023-07-20 20:33:39', NULL, 'Nguyễn Ngọc Lan', './public/upload/2023-07-20-15-33-3912. NN Lan Mi.doc');
INSERT INTO `posts` (`id`, `title`, `summary`, `body`, `view`, `user_id`, `cat_id`, `image`, `status`, `selected`, `breaking_news`, `published_at`, `created_at`, `updated_at`, `author_name`, `file`) VALUES
(193, 'Tạp chí NCKH số 25', 'Sự tăng trưởng về kinh tế, nền tảng văn hóa cùng các nhân tố xã hội ảnh hưởng đến quy mô, \r\nchất lượng và đầu tư cho giáo dục. Trong khi đó, giáo dục là phương tiện để đánh thức tiềm \r\nnăng và trí tuệ của mỗi cá nhân. Giáo dục cũng là nhân tố quyết định năng suất của một \r\nngười và một quốc gia. Do đó, giáo dục và giáo dục phổ thông đóng vai trò rất quan trọng \r\ntrong việc phát triển kinh tế, thúc đẩy tiến bộ xã hội và gia tăng thu nhập. Bài viết nghiên cứu \r\nmối tương quan giữa các yếu tố kinh tế, văn hóa, xã hội và giáo dục phổ thông để làm cơ sở \r\ncho việc hoạch định chính sách phát triển giáo dục phổ thông tỉnh Quảng Ninh trong thời \r\ngian tới.', 'Sự tăng trưởng về kinh tế, nền tảng văn hóa cùng các nhân tố xã hội ảnh hưởng đến quy mô, \r\nchất lượng và đầu tư cho giáo dục. Trong khi đó, giáo dục là phương tiện để đánh thức tiềm \r\nnăng và trí tuệ của mỗi cá nhân. Giáo dục cũng là nhân tố quyết định năng suất của một \r\nngười và một quốc gia. Do đó, giáo dục và giáo dục phổ thông đóng vai trò rất quan trọng \r\ntrong việc phát triển kinh tế, thúc đẩy tiến bộ xã hội và gia tăng thu nhập. Bài viết nghiên cứu \r\nmối tương quan giữa các yếu tố kinh tế, văn hóa, xã hội và giáo dục phổ thông để làm cơ sở \r\ncho việc hoạch định chính sách phát triển giáo dục phổ thông tỉnh Quảng Ninh trong thời \r\ngian tới.', 0, 1, 15, '', 'disable', 1, 1, '2020-05-18 00:00:00', '2023-07-20 20:34:46', NULL, 'Nguyễn Thị Thu Hà', './public/upload/2023-07-20-15-34-4612. N TT Hà MI.pdf'),
(194, 'Tạp chí NCKH số 26', 'Người học tiếng Anh tại Việt Nam nói chung cũng như sinh viên không chuyên tại Trường Đại \r\nhọc Kinh tế - Kỹ thuật Công nghiệp (UNETI) nói riêng gặp nhiều khó khăn khi phát âm tiếng \r\nAnh, đặc biệt là các phụ âm. Trong bài viết này, tác giả tập trung vào phân tích những khó \r\nkhăn trong việc phát âm âm xát và âm tắc xát và đề xuất các giải pháp khả thi để khắc phục \r\nnhững hạn chế dựa trên lý thuyết về ngữ âm và âm vị học, đặc biệt là các yếu tố ảnh hưởng \r\nđến việc phát âm như vị trí cấu âm và phương thức cấu âm. Tác giả hy vọng những phân tích \r\nvà một số gợi ý trong nghiên cứu này sẽ giúp các em sinh viên không chuyên đang theo học \r\ntại Trường Đại học Kinh tế - Kỹ thuật Công nghiệp phần nào cải thiện khả năng phát âm.', 'Người học tiếng Anh tại Việt Nam nói chung cũng như sinh viên không chuyên tại Trường Đại \r\nhọc Kinh tế - Kỹ thuật Công nghiệp (UNETI) nói riêng gặp nhiều khó khăn khi phát âm tiếng \r\nAnh, đặc biệt là các phụ âm. Trong bài viết này, tác giả tập trung vào phân tích những khó \r\nkhăn trong việc phát âm âm xát và âm tắc xát và đề xuất các giải pháp khả thi để khắc phục \r\nnhững hạn chế dựa trên lý thuyết về ngữ âm và âm vị học, đặc biệt là các yếu tố ảnh hưởng \r\nđến việc phát âm như vị trí cấu âm và phương thức cấu âm. Tác giả hy vọng những phân tích \r\nvà một số gợi ý trong nghiên cứu này sẽ giúp các em sinh viên không chuyên đang theo học \r\ntại Trường Đại học Kinh tế - Kỹ thuật Công nghiệp phần nào cải thiện khả năng phát âm.', 0, 1, 22, '', 'disable', 1, 1, '2020-06-01 00:00:00', '2023-07-20 20:36:03', NULL, 'Trần Thị Khương Liên', './public/upload/2023-07-20-15-36-0312 Tràn Thị Khương Liên.pdf'),
(195, 'Tạp chí NCKH số 27', 'Chủ tịch Hồ Chí Minh là nhà hoạt động chính trị lỗi lạc, lãnh tụ vĩ đại của cách mạng Việt \r\nNam, nhà văn hóa kiệt xuất. Người đã sáng lập, đặt nền móng cho xây dựng nền giáo dục \r\nmới ở Việt Nam. Tư tưởng Hồ Chí Minh về giáo dục có một ý nghĩa sâu sắc, đó là tư tưởng \r\nvề xây dựng một nền giáo dục vì con người, cho con người, là triết lý giáo dục lấy con người \r\nlàm mục tiêu của sự nghiệp phát triển. Kế thừa tư tưởng Hồ Chí Minh về giáo dục, Đảng \r\nCộng sản Việt Nam đã chủ trương coi giáo dục, đào tạo và khoa học công nghệ là quốc \r\nsách hàng đầu. Vì thế, việc vận dụng tư tưởng Hồ Chí Minh về giáo dục và đổi mới giáo dục \r\ncòn góp phần quyết định đến thắng lợi sự nghiệp đổi mới giáo dục ở nước ta hiện nay', 'Chủ tịch Hồ Chí Minh là nhà hoạt động chính trị lỗi lạc, lãnh tụ vĩ đại của cách mạng Việt \r\nNam, nhà văn hóa kiệt xuất. Người đã sáng lập, đặt nền móng cho xây dựng nền giáo dục \r\nmới ở Việt Nam. Tư tưởng Hồ Chí Minh về giáo dục có một ý nghĩa sâu sắc, đó là tư tưởng \r\nvề xây dựng một nền giáo dục vì con người, cho con người, là triết lý giáo dục lấy con người \r\nlàm mục tiêu của sự nghiệp phát triển. Kế thừa tư tưởng Hồ Chí Minh về giáo dục, Đảng \r\nCộng sản Việt Nam đã chủ trương coi giáo dục, đào tạo và khoa học công nghệ là quốc \r\nsách hàng đầu. Vì thế, việc vận dụng tư tưởng Hồ Chí Minh về giáo dục và đổi mới giáo dục \r\ncòn góp phần quyết định đến thắng lợi sự nghiệp đổi mới giáo dục ở nước ta hiện nay', 0, 1, 25, '', 'disable', 1, 1, '2020-07-14 00:00:00', '2023-07-20 20:37:41', NULL, 'Trần Thị Mỵ', './public/upload/2023-07-20-15-37-4111 Trần Thị My.pdf'),
(196, 'Tạp chí NCKH số 28', 'Nghiên cứu tìm hiểu ảnh hưởng của phương pháp đọc mở rộng đối với việc học từ vựng \r\ncủa sinh viên năm thứ nhất Trường Đại học Kinh tế - Kỹ thuật Công nghiệp (UNETI). \r\nPhương pháp hỗn hợp được sử dụng với công cụ thu thập dữ liệu gồm bài kiểm tra trước và \r\nsau khi áp dụng phương pháp, nhật ký suy tưởng và bảng câu hỏi. Tính xác thực và độ tin \r\ncậy nhất quán của nghiên cứu được đánh giá thông qua kết quả kiểm định T-test và hệ số \r\nCronbach alpha. Kết quả cho thấy việc đọc mở rộng đóng vai trò quan trọng trong việc tăng \r\nkhả năng thu nhận vốn từ của sinh viên, đồng thời thúc đẩy việc học từ vựng của họ. Nghiên \r\ncứu giúp những người tham gia tự tạo cho mình thói quen đọc sách; đồng thời, thảo luận về \r\ncác tác động sư phạm đến trường học, giáo viên và người học khi áp dụng phương pháp \r\nnày. Bên cạnh đó, một số đề xuất được trình bày cho các nghiên cứu có liên quan đến lĩnh \r\nvực về phương pháp đọc mở rộng trong tương lai.', 'Nghiên cứu tìm hiểu ảnh hưởng của phương pháp đọc mở rộng đối với việc học từ vựng \r\ncủa sinh viên năm thứ nhất Trường Đại học Kinh tế - Kỹ thuật Công nghiệp (UNETI). \r\nPhương pháp hỗn hợp được sử dụng với công cụ thu thập dữ liệu gồm bài kiểm tra trước và \r\nsau khi áp dụng phương pháp, nhật ký suy tưởng và bảng câu hỏi. Tính xác thực và độ tin \r\ncậy nhất quán của nghiên cứu được đánh giá thông qua kết quả kiểm định T-test và hệ số \r\nCronbach alpha. Kết quả cho thấy việc đọc mở rộng đóng vai trò quan trọng trong việc tăng \r\nkhả năng thu nhận vốn từ của sinh viên, đồng thời thúc đẩy việc học từ vựng của họ. Nghiên \r\ncứu giúp những người tham gia tự tạo cho mình thói quen đọc sách; đồng thời, thảo luận về \r\ncác tác động sư phạm đến trường học, giáo viên và người học khi áp dụng phương pháp \r\nnày. Bên cạnh đó, một số đề xuất được trình bày cho các nghiên cứu có liên quan đến lĩnh \r\nvực về phương pháp đọc mở rộng trong tương lai.', 0, 1, 15, '', 'disable', 1, 1, '2020-11-10 00:00:00', '2023-07-20 20:38:57', NULL, 'Nguyễn Thị Thanh Hà, Nguyễn Thúy Ngọc\r\n', './public/upload/2023-07-20-15-38-5711.15. Hà MI.pdf'),
(197, 'Tạp chí NCKH số 29', 'Đề án 1956 về đào tạo nghề cho lao động nông thôn ra đời trong bối cảnh nước ta ngày \r\ncàng hội nhập sâu rộng với khu vực và thế giới; đây là sự nghiệp của Đảng, Nhà nước, của \r\ncác cấp, các ngành và xã hội nhằm nâng cao chất lượng lao động nông thôn, đáp ứng yêu \r\ncầu công nghiệp hóa, hiện đại hóa nông nghiệp, nông thôn... Nam Định là một trong những \r\ntỉnh đẩy mạnh và tận dụng thời cơ để mở rộng, phát triển đề án; qua 10 năm triển khai thực \r\nhiện, tỉnh đã đạt được những kết quả tích cực, nhưng với kết quả đó vẫn chưa xứng tầm là \r\nmột tỉnh luôn đi đầu trong vùng Đồng bằng sông Hồng về hướng nghiệp và dạy nghề. \r\nNhững kết quả này cần có những đánh giá khách quan để tiếp tục triển khai có hiệu quả đề \r\nán trong thời gian tới. Với việc sử dụng phương pháp thống kê mô tả để đánh giá kết quả \r\nthực hiện đề án, tác giả đã nêu ra những thuận lợi, hạn chế và rút ra bài học kinh nghiệm \r\ntrong triển khai thực hiện đề án đào tạo nghề cho lao động nông thôn trên địa bàn tỉnh Nam \r\nĐịnh trong những năm tiếp theo.', 'Đề án 1956 về đào tạo nghề cho lao động nông thôn ra đời trong bối cảnh nước ta ngày \r\ncàng hội nhập sâu rộng với khu vực và thế giới; đây là sự nghiệp của Đảng, Nhà nước, của \r\ncác cấp, các ngành và xã hội nhằm nâng cao chất lượng lao động nông thôn, đáp ứng yêu \r\ncầu công nghiệp hóa, hiện đại hóa nông nghiệp, nông thôn... Nam Định là một trong những \r\ntỉnh đẩy mạnh và tận dụng thời cơ để mở rộng, phát triển đề án; qua 10 năm triển khai thực \r\nhiện, tỉnh đã đạt được những kết quả tích cực, nhưng với kết quả đó vẫn chưa xứng tầm là \r\nmột tỉnh luôn đi đầu trong vùng Đồng bằng sông Hồng về hướng nghiệp và dạy nghề. \r\nNhững kết quả này cần có những đánh giá khách quan để tiếp tục triển khai có hiệu quả đề \r\nán trong thời gian tới. Với việc sử dụng phương pháp thống kê mô tả để đánh giá kết quả \r\nthực hiện đề án, tác giả đã nêu ra những thuận lợi, hạn chế và rút ra bài học kinh nghiệm \r\ntrong triển khai thực hiện đề án đào tạo nghề cho lao động nông thôn trên địa bàn tỉnh Nam \r\nĐịnh trong những năm tiếp theo.', 0, 1, 24, '', 'disable', 1, 1, '2021-04-02 00:00:00', '2023-07-20 20:40:18', NULL, 'Nguyễn Viết Bình', './public/upload/2023-07-20-15-40-1811. Bình (đã sửa).pdf'),
(198, 'Tạp chí NCKH số 30', 'Ở Việt Nam hiện nay, doanh nghiệp tư nhân tham gia vào nhiều lĩnh vực của nền kinh tế và \r\nngày càng đóng vai trò quan trọng trong sự phát triển toàn diện của đất nước sau hơn 30 \r\nnăm đổi mới. Để phát triển kinh tế - xã hội, cần có nhiều động lực, trong đó, giải quyết tốt các \r\nlợi ích kinh tế, đặc biệt là lợi ích kinh tế của người lao động là một động lực quan trọng. \r\nTrong bài viết này, tác giả phân tích thực trạng, đề xuất một số giải pháp bảo đảm lợi ích \r\nkinh tế cho người lao động trong các doanh nghiệp tư nhân ở Việt Nam hiện nay nhằm thúc \r\nđẩy hơn nữa sự phát triển lực lượng sản xuất ở Việt Nam trong thời gian tới.', 'Ở Việt Nam hiện nay, doanh nghiệp tư nhân tham gia vào nhiều lĩnh vực của nền kinh tế và \r\nngày càng đóng vai trò quan trọng trong sự phát triển toàn diện của đất nước sau hơn 30 \r\nnăm đổi mới. Để phát triển kinh tế - xã hội, cần có nhiều động lực, trong đó, giải quyết tốt các \r\nlợi ích kinh tế, đặc biệt là lợi ích kinh tế của người lao động là một động lực quan trọng. \r\nTrong bài viết này, tác giả phân tích thực trạng, đề xuất một số giải pháp bảo đảm lợi ích \r\nkinh tế cho người lao động trong các doanh nghiệp tư nhân ở Việt Nam hiện nay nhằm thúc \r\nđẩy hơn nữa sự phát triển lực lượng sản xuất ở Việt Nam trong thời gian tới.', 0, 1, 23, '', 'disable', 1, 1, '2021-05-19 00:00:00', '2023-07-20 20:41:42', NULL, 'Lê Văn Tuyên', './public/upload/2023-07-20-15-41-4211 (20). Tuyên MI.pdf'),
(199, 'Tạp chí NCKH số 31', 'Bài báo đề cập tới sự cần thiết phải đổi mới phương pháp giảng dạy phù hợp với kế hoạch \r\nchuyển đổi các môn lý luận chính trị của Bộ Giáo dục và Đào tạo. Tiếp cận một số phương \r\npháp giảng dạy tích cực kết hợp giảng dạy online làm cơ sở, tạo tính đồng thuận cao đối với \r\ntất cả giảng viên trong việc thực hiện công tác giảng dạy hiệu quả và mang tính đặc thù như \r\ncác môn học lý luận chính trị. Trên cơ sở đó đánh giá thực trạng việc dạy - học cũng như \r\nđáp ứng được yêu cầu thực tiễn đặt ra lấy người học là trung tâm, phát huy tính tự chủ, \r\nsáng tạo, tìm tòi của sinh viên theo xu thế phát triển giáo dục toàn diện. Đồng thời, đề xuất \r\nmột số giải pháp nhằm nâng cao chất lượng dạy - học tại Trường Đại học Kinh tế - Kỹ thuật \r\nCông nghiệp', 'Bài báo đề cập tới sự cần thiết phải đổi mới phương pháp giảng dạy phù hợp với kế hoạch \r\nchuyển đổi các môn lý luận chính trị của Bộ Giáo dục và Đào tạo. Tiếp cận một số phương \r\npháp giảng dạy tích cực kết hợp giảng dạy online làm cơ sở, tạo tính đồng thuận cao đối với \r\ntất cả giảng viên trong việc thực hiện công tác giảng dạy hiệu quả và mang tính đặc thù như \r\ncác môn học lý luận chính trị. Trên cơ sở đó đánh giá thực trạng việc dạy - học cũng như \r\nđáp ứng được yêu cầu thực tiễn đặt ra lấy người học là trung tâm, phát huy tính tự chủ, \r\nsáng tạo, tìm tòi của sinh viên theo xu thế phát triển giáo dục toàn diện. Đồng thời, đề xuất \r\nmột số giải pháp nhằm nâng cao chất lượng dạy - học tại Trường Đại học Kinh tế - Kỹ thuật \r\nCông nghiệp', 0, 1, 23, '', 'disable', 1, 1, '2021-04-26 00:00:00', '2023-07-20 20:42:54', NULL, 'Nguyễn Văn Bảng', './public/upload/2023-07-20-15-42-5411 (21). Bảng MI.pdf'),
(200, 'Tạp chí NCKH số 32', 'Quản lý chi ngân sách nhà nước (NSNN) của tỉnh Lai Châu đã đạt được một số thành tựu \r\nđáng kể được thể hiện qua một số chỉ tiêu kinh tế xã hội (KTXH) như mức độ tăng tổng sản \r\nphẩm của tỉnh, cơ cấu kinh tế chuyển dịch theo tích cực, cơ sở hạ tầng trên địa bàn tỉnh đã \r\ncó nhiều đổi thay. Bên cạnh đó, công tác quản lý chi NSNN vẫn còn một số tồn tại hạn chế \r\ncần khắc phục. Bài báo trình bày thực trạng hoạt động quản lý chi NSNN tỉnh Lai Châu trong \r\ngiai đoạn năm 2016-2020, đưa ra những đánh giá nhận xét về công tác này. Qua đó đề xuất \r\nmột số khuyến nghị chính sách nhằm nâng cao hiệu quả quản lý chi NSNN tại tỉnh Lai Châu.', 'Quản lý chi ngân sách nhà nước (NSNN) của tỉnh Lai Châu đã đạt được một số thành tựu \r\nđáng kể được thể hiện qua một số chỉ tiêu kinh tế xã hội (KTXH) như mức độ tăng tổng sản \r\nphẩm của tỉnh, cơ cấu kinh tế chuyển dịch theo tích cực, cơ sở hạ tầng trên địa bàn tỉnh đã \r\ncó nhiều đổi thay. Bên cạnh đó, công tác quản lý chi NSNN vẫn còn một số tồn tại hạn chế \r\ncần khắc phục. Bài báo trình bày thực trạng hoạt động quản lý chi NSNN tỉnh Lai Châu trong \r\ngiai đoạn năm 2016-2020, đưa ra những đánh giá nhận xét về công tác này. Qua đó đề xuất \r\nmột số khuyến nghị chính sách nhằm nâng cao hiệu quả quản lý chi NSNN tại tỉnh Lai Châu.', 0, 1, 24, '', 'disable', 1, 1, '2021-04-21 00:00:00', '2023-07-20 20:45:06', NULL, 'Nguyễn Ngọc Hải', './public/upload/2023-07-20-15-45-0611(17). Hải Mi.pdf'),
(201, 'Tạp chí NCKH số 33', 'Đối với hoạt động kinh tế, nhận biết đối tượng giao tiếp giúp cho chủ thể giao tiếp chủ động, \r\nhiểu biết đối tượng tốt nhất để có kế hoạch thuyết phục, điều chỉnh nhằm tăng hiệu quả giao \r\ntiếp. Kết quả nghiên cứu trên nhóm khách thể gồm 330 sinh viên bằng phương pháp phỏng \r\nvấn phiếu và phân tích tình huống giả định về thực trạng và mức độ nhận biết đối tượng giao \r\ntiếp cho thấy sinh viên tự đánh giá mức độ nhận thức của mình về đối tượng giao tiếp ở \r\nmức khá cao (mức rất đầy đủ), (ĐTB = 2.15/3; ĐLC = 0.32). Trong các kỹ năng liên quan \r\nđến nhận biết đối tượng giao tiếp thì những nội dung thuộc kỹ năng thu thập thông tin cá \r\nnhân của đối tượng giao tiếp được sinh viên tự đánh giá cao hơn so với các nội dung thuộc \r\nkỹ năng xác định mức độ hiểu biết của đối tượng giao tiếp và xác định mức độ quan tâm của \r\nđối tượng giao tiếp. Việc tự đánh giá mức độ đầy đủ về các kỹ năng giúp sinh viên nhận biết \r\nđược chính mình, nhận biết những thuận lợi và hạn chế để học tập và tự rèn luyện kỹ năng \r\nnhằm rút ngắn khoảng cách giữa môi trường học tập và thực tiễn xã hội.', 'Đối với hoạt động kinh tế, nhận biết đối tượng giao tiếp giúp cho chủ thể giao tiếp chủ động, \r\nhiểu biết đối tượng tốt nhất để có kế hoạch thuyết phục, điều chỉnh nhằm tăng hiệu quả giao \r\ntiếp. Kết quả nghiên cứu trên nhóm khách thể gồm 330 sinh viên bằng phương pháp phỏng \r\nvấn phiếu và phân tích tình huống giả định về thực trạng và mức độ nhận biết đối tượng giao \r\ntiếp cho thấy sinh viên tự đánh giá mức độ nhận thức của mình về đối tượng giao tiếp ở \r\nmức khá cao (mức rất đầy đủ), (ĐTB = 2.15/3; ĐLC = 0.32). Trong các kỹ năng liên quan \r\nđến nhận biết đối tượng giao tiếp thì những nội dung thuộc kỹ năng thu thập thông tin cá \r\nnhân của đối tượng giao tiếp được sinh viên tự đánh giá cao hơn so với các nội dung thuộc \r\nkỹ năng xác định mức độ hiểu biết của đối tượng giao tiếp và xác định mức độ quan tâm của \r\nđối tượng giao tiếp. Việc tự đánh giá mức độ đầy đủ về các kỹ năng giúp sinh viên nhận biết \r\nđược chính mình, nhận biết những thuận lợi và hạn chế để học tập và tự rèn luyện kỹ năng \r\nnhằm rút ngắn khoảng cách giữa môi trường học tập và thực tiễn xã hội.', 0, 1, 25, '', 'disable', 1, 1, '2023-07-20 00:00:00', '2023-07-20 20:46:12', NULL, 'Vũ Thị Nguyệt', './public/upload/2023-07-20-15-46-1212.(24) Nguyệt.pdf'),
(202, 'Tạp chí NCKH số 34', 'Đào tạo trực tuyến ra đời đã trở thành một xu thế tất yếu của thời đại. Nghiên cứu tập trung \r\nvào việc xác định các nhân tố ảnh hưởng đến sự hài lòng của sinh viên về chất lượng\r\ndịch vụ đào tạo trực tuyến tại Trường Đại học Kinh tế - Kỹ thuật Công nghiệp. Số liệu sơ \r\ncấp sử dụng trong nghiên cứu được thu thập trên cơ sở chọn mẫu thuận tiện từ 598 sinh \r\nviên đang học đại học từ năm thứ nhất đến năm thứ tư tại trường. Các phương pháp thống \r\nkê mô tả, kiểm định Cronbach’s Alpha, phân tích nhân tố khám phá (EFA) và phân tích hồi \r\nqui tuyến tính được sử dụng trong nghiên cứu. Kết quả nghiên cứu phát hiện ba nhân tố ảnh \r\nhưởng đến mức độ hài lòng sinh viên là: chương trình đào tạo và dịch vụ hỗ trợ; hình thức \r\nkiểm tra, đánh giá; hệ thống học liệu - thư viện. Từ kết quả nghiên cứu, tác giả đề xuất các \r\nkhuyến nghị nhằm nâng cao mức độ hài lòng của sinh viên đối với dịch vụ đào tạo trực \r\ntuyến tại trường.', 'Đào tạo trực tuyến ra đời đã trở thành một xu thế tất yếu của thời đại. Nghiên cứu tập trung \r\nvào việc xác định các nhân tố ảnh hưởng đến sự hài lòng của sinh viên về chất lượng\r\ndịch vụ đào tạo trực tuyến tại Trường Đại học Kinh tế - Kỹ thuật Công nghiệp. Số liệu sơ \r\ncấp sử dụng trong nghiên cứu được thu thập trên cơ sở chọn mẫu thuận tiện từ 598 sinh \r\nviên đang học đại học từ năm thứ nhất đến năm thứ tư tại trường. Các phương pháp thống \r\nkê mô tả, kiểm định Cronbach’s Alpha, phân tích nhân tố khám phá (EFA) và phân tích hồi \r\nqui tuyến tính được sử dụng trong nghiên cứu. Kết quả nghiên cứu phát hiện ba nhân tố ảnh \r\nhưởng đến mức độ hài lòng sinh viên là: chương trình đào tạo và dịch vụ hỗ trợ; hình thức \r\nkiểm tra, đánh giá; hệ thống học liệu - thư viện. Từ kết quả nghiên cứu, tác giả đề xuất các \r\nkhuyến nghị nhằm nâng cao mức độ hài lòng của sinh viên đối với dịch vụ đào tạo trực \r\ntuyến tại trường.', 0, 1, 25, '', 'disable', 1, 1, '2021-04-01 00:00:00', '2023-07-20 20:47:13', NULL, 'Nguyễn Văn Hưng', './public/upload/2023-07-20-15-47-1310. Hưng MI.pdf'),
(203, 'Tạp chí NCKH số 36', 'Khối lượng cà phê xuất khẩu của Việt Nam tăng nhanh trong những năm gần đây và đóng \r\nvai trò quan trọng trong nền kinh tế chung của cả nước. Tuy nhiên, hoạt động xuất khẩu cà \r\nphê luôn bị ảnh hưởng bởi các yếu tố từ thị trường và ngành hàng dẫn đến hiệu quả xuất \r\nkhẩu không đạt mức tối đa. Nghiên cứu chỉ ra thực trạng xuất khẩu cà phê của Việt Nam, \r\ncùng với số liệu thống kê mô tả về các yếu tố đổi mới xuất khẩu, định hướng quốc tế và \r\nnăng lực năng động để xem xét ảnh hưởng đến hoạt động xuất khẩu của các doanh nghiệp \r\ncà phê Việt Nam. Nghiên cứu đưa ra các giải pháp nhằm nâng cao hiệu quả hoạt động xuất \r\nkhẩu cà phê của các doanh nghiệp Việt Nam từ nhiều khía cạnh khác nhau', 'Khối lượng cà phê xuất khẩu của Việt Nam tăng nhanh trong những năm gần đây và đóng \r\nvai trò quan trọng trong nền kinh tế chung của cả nước. Tuy nhiên, hoạt động xuất khẩu cà \r\nphê luôn bị ảnh hưởng bởi các yếu tố từ thị trường và ngành hàng dẫn đến hiệu quả xuất \r\nkhẩu không đạt mức tối đa. Nghiên cứu chỉ ra thực trạng xuất khẩu cà phê của Việt Nam, \r\ncùng với số liệu thống kê mô tả về các yếu tố đổi mới xuất khẩu, định hướng quốc tế và \r\nnăng lực năng động để xem xét ảnh hưởng đến hoạt động xuất khẩu của các doanh nghiệp \r\ncà phê Việt Nam. Nghiên cứu đưa ra các giải pháp nhằm nâng cao hiệu quả hoạt động xuất \r\nkhẩu cà phê của các doanh nghiệp Việt Nam từ nhiều khía cạnh khác nhau', 0, 1, 24, '', 'disable', 1, 1, '2022-05-13 00:00:00', '2023-07-20 20:48:41', NULL, 'Đỗ Mỹ Dung, Nguyễn Mạnh Hùng', './public/upload/2023-07-20-15-48-4111. Dung MI.pdf'),
(204, 'Tạp chí NCKH số 37', 'Du lịch nông nghiệp là sự kết hợp giữa nông nghiệp và du lịch, trong đó có sự tham gia của \r\ncông chúng vào nông trại để trải nghiệm nông nghiệp và các hoạt động khác tại nông trại đó. \r\nNông dân thực hiện đa dạng hóa hoạt động nông trại của họ bằng cách tham gia vào du lịch \r\nnông nghiệp có thể coi là khởi nghiệp du lịch nông nghiệp. Xu hướng du lịch hiện nay thay \r\nđổi theo định hướng xanh, quan tâm đến trải nghiệm. Tại Hà Nội, sau đại dịch COVID-19, \r\nnhiều nông trại đã tham gia kinh doanh du lịch nông nghiệp. Một cá nhân có thể quyết tâm \r\nkhởi nghiệp cả vì lý do cơ hội cũng như lý do cần thiết, theo tính chất, các lý do có thể mang \r\ntính kinh tế, văn hóa - xã hội hoặc ảnh hưởng bên ngoài. Tác giả nhận thấy rằng nông dân \r\ntrên địa bàn Hà Nội được thúc đẩy khởi nghiệp du lịch nông nghiệp do động lực kinh tế là \r\nchủ yếu, tuy nhiên các động lực mang tính xã hội đã có ảnh hưởng nhất định.', 'Du lịch nông nghiệp là sự kết hợp giữa nông nghiệp và du lịch, trong đó có sự tham gia của \r\ncông chúng vào nông trại để trải nghiệm nông nghiệp và các hoạt động khác tại nông trại đó. \r\nNông dân thực hiện đa dạng hóa hoạt động nông trại của họ bằng cách tham gia vào du lịch \r\nnông nghiệp có thể coi là khởi nghiệp du lịch nông nghiệp. Xu hướng du lịch hiện nay thay \r\nđổi theo định hướng xanh, quan tâm đến trải nghiệm. Tại Hà Nội, sau đại dịch COVID-19, \r\nnhiều nông trại đã tham gia kinh doanh du lịch nông nghiệp. Một cá nhân có thể quyết tâm \r\nkhởi nghiệp cả vì lý do cơ hội cũng như lý do cần thiết, theo tính chất, các lý do có thể mang \r\ntính kinh tế, văn hóa - xã hội hoặc ảnh hưởng bên ngoài. Tác giả nhận thấy rằng nông dân \r\ntrên địa bàn Hà Nội được thúc đẩy khởi nghiệp du lịch nông nghiệp do động lực kinh tế là \r\nchủ yếu, tuy nhiên các động lực mang tính xã hội đã có ảnh hưởng nhất định.', 0, 1, 25, '', 'disable', 1, 1, '2022-10-17 00:00:00', '2023-07-20 20:50:06', NULL, 'Lê Thị Kim Chi', './public/upload/2023-07-20-15-50-0611. Chi.pdf'),
(205, 'Tạp chí NCKH số 38', 'Khi vấn đề môi trường, biến đổi khí hậu và sử dụng tài nguyên hiệu quả hơn đang ngày \r\ncàng được coi trọng ở các nước đang phát triển như Việt Nam thì sự phát triển tín dụng \r\nxanh tại các ngân hàng thương mại Việt Nam theo hướng bền vững đóng góp tích cực cho \r\nsự phát triển cân bằng, hài hòa giữa kinh tế, môi trường và xã hội, góp phần xóa đói, giảm \r\nnghèo và cải thiện chất lượng đời sống nhân dân; tránh rủi ro về môi trường và xã hội. Trong \r\nvài năm gần đây, nhiều ngân hàng thương mại đã và đang thực hiện triển khai cấp tín dụng \r\ntheo hướng tăng trưởng xanh, quan tâm đến vấn đề bảo vệ môi trường xã hội, hoạt động \r\nkinh doanh theo hướng thân thiện với môi trường và xã hội để đóng góp vào mục tiêu tăng \r\ntrưởng xanh của quốc gia. Phát triển tín dụng xanh tại các ngân hàng thương mại không chỉ \r\nlà mục tiêu mà còn là nhiệm vụ của ngành ngân hàng trong chiến lược phát triển bền vững \r\ncủa đất nước nói chung và ngành ngân hàng nói riêng.\r\n', 'Khi vấn đề môi trường, biến đổi khí hậu và sử dụng tài nguyên hiệu quả hơn đang ngày \r\ncàng được coi trọng ở các nước đang phát triển như Việt Nam thì sự phát triển tín dụng \r\nxanh tại các ngân hàng thương mại Việt Nam theo hướng bền vững đóng góp tích cực cho \r\nsự phát triển cân bằng, hài hòa giữa kinh tế, môi trường và xã hội, góp phần xóa đói, giảm \r\nnghèo và cải thiện chất lượng đời sống nhân dân; tránh rủi ro về môi trường và xã hội. Trong \r\nvài năm gần đây, nhiều ngân hàng thương mại đã và đang thực hiện triển khai cấp tín dụng \r\ntheo hướng tăng trưởng xanh, quan tâm đến vấn đề bảo vệ môi trường xã hội, hoạt động \r\nkinh doanh theo hướng thân thiện với môi trường và xã hội để đóng góp vào mục tiêu tăng \r\ntrưởng xanh của quốc gia. Phát triển tín dụng xanh tại các ngân hàng thương mại không chỉ \r\nlà mục tiêu mà còn là nhiệm vụ của ngành ngân hàng trong chiến lược phát triển bền vững \r\ncủa đất nước nói chung và ngành ngân hàng nói riêng.\r\n', 0, 1, 25, '', 'disable', 1, 1, '2022-11-28 00:00:00', '2023-07-20 20:51:17', NULL, 'Trần Thị Kim Liên, Phạm Thị Phương Thảo', './public/upload/2023-07-20-15-51-176. Liên MI.pdf');

-- --------------------------------------------------------

--
-- Cấu trúc bảng cho bảng `users`
--

CREATE TABLE IF NOT EXISTS `users` (
  `id` int(11) NOT NULL AUTO_INCREMENT,
  `username` varchar(100) NOT NULL,
  `email` varchar(100) NOT NULL,
  `password` varchar(100) NOT NULL,
  `permission` enum('user','admin') NOT NULL DEFAULT 'user',
  `verify_token` varchar(191) DEFAULT NULL,
  `is_active` tinyint(5) NOT NULL DEFAULT 0,
  `forgot_token` varchar(191) DEFAULT NULL,
  `forgot_token_expire` datetime DEFAULT NULL,
  `created_at` datetime NOT NULL,
  `updated_at` datetime DEFAULT NULL,
  PRIMARY KEY (`id`),
  UNIQUE KEY `email` (`email`)
) ENGINE=InnoDB AUTO_INCREMENT=14 DEFAULT CHARSET=utf8 COLLATE=utf8_persian_ci;

--
-- Đang đổ dữ liệu cho bảng `users`
--

INSERT INTO `users` (`id`, `username`, `email`, `password`, `permission`, `verify_token`, `is_active`, `forgot_token`, `forgot_token_expire`, `created_at`, `updated_at`) VALUES
(1, 'admin', 'admin@gmail.com', '$2y$10$kUh4xMjKTXeNiy7jSIJO6.LOVBth9hQiPwMi0BgD.ao2uWBDn1OB.', 'admin', 'cf408fb6caedd3c8308a21254b1a3cb4a5c8757f7740354104af7b43dfe7bff6', 1, NULL, NULL, '2023-06-12 16:17:46', '2023-07-11 21:42:03'),
(2, 'louis', 'louis@yahoo.com', '$2y$10$kUh4xMjKTXeNiy7jSIJO6.LOVBth9hQiPwMi0BgD.ao2uWBDn1OB.', 'user', NULL, 1, NULL, NULL, '2021-06-23 23:35:51', '2019-07-05 02:10:50'),
(3, 'kam', 'kamran@gmail.com', '$2y$10$nlZ5dMJ2sv9HrKU4NJslDe0ick10lGSBZNM2i14zKtDGGAEqAdXVS', 'user', NULL, 0, NULL, NULL, '2019-06-06 01:28:40', '2023-06-12 16:13:53'),
(4, 'nova', 'nova@yahoo.com', '$2y$10$CrqnkHtp2dKlyHfYRniXG.B8fWtrHtfavUyGVqc6bdiiF5lgwzi96', 'admin', NULL, 1, NULL, NULL, '2019-10-27 21:56:13', '2019-10-27 22:18:23');

-- --------------------------------------------------------

--
-- Cấu trúc bảng cho bảng `websetting`
--

CREATE TABLE IF NOT EXISTS `websetting` (
  `id` int(11) NOT NULL AUTO_INCREMENT,
  `title` text DEFAULT NULL,
  `description` text DEFAULT NULL,
  `keywords` text DEFAULT NULL,
  `logo` text DEFAULT NULL,
  `icon` text DEFAULT NULL,
  `created_at` datetime NOT NULL,
  `updated_at` datetime DEFAULT NULL,
  PRIMARY KEY (`id`)
) ENGINE=InnoDB AUTO_INCREMENT=2 DEFAULT CHARSET=utf8 COLLATE=utf8_persian_ci;

--
-- Đang đổ dữ liệu cho bảng `websetting`
--

INSERT INTO `websetting` (`id`, `title`, `description`, `keywords`, `logo`, `icon`, `created_at`, `updated_at`) VALUES
(1, 'online news', 'online news', 'online news', 'public/setting/logo.png', 'public/setting/icon.jpeg', '2019-06-09 19:54:37', '2022-10-24 16:41:31');

--
-- Các ràng buộc cho các bảng đã đổ
--

--
-- Các ràng buộc cho bảng `banners`
--
ALTER TABLE `banners`
  ADD CONSTRAINT `banners_ibfk_1` FOREIGN KEY (`id_post`) REFERENCES `posts` (`id`) ON DELETE CASCADE ON UPDATE CASCADE;

--
-- Các ràng buộc cho bảng `comments`
--
ALTER TABLE `comments`
  ADD CONSTRAINT `comments_ibfk_1` FOREIGN KEY (`post_id`) REFERENCES `posts` (`id`) ON DELETE CASCADE ON UPDATE CASCADE,
  ADD CONSTRAINT `comments_ibfk_2` FOREIGN KEY (`user_id`) REFERENCES `users` (`id`) ON DELETE CASCADE ON UPDATE CASCADE;

--
-- Các ràng buộc cho bảng `menus`
--
ALTER TABLE `menus`
  ADD CONSTRAINT `menus_ibfk_1` FOREIGN KEY (`parent_id`) REFERENCES `menus` (`id`) ON DELETE CASCADE ON UPDATE CASCADE;

--
-- Các ràng buộc cho bảng `posts`
--
ALTER TABLE `posts`
  ADD CONSTRAINT `posts_ibfk_1` FOREIGN KEY (`cat_id`) REFERENCES `categories` (`id`) ON DELETE CASCADE ON UPDATE CASCADE,
  ADD CONSTRAINT `posts_ibfk_2` FOREIGN KEY (`user_id`) REFERENCES `users` (`id`) ON DELETE CASCADE ON UPDATE CASCADE;
COMMIT;

/*!40101 SET CHARACTER_SET_CLIENT=@OLD_CHARACTER_SET_CLIENT */;
/*!40101 SET CHARACTER_SET_RESULTS=@OLD_CHARACTER_SET_RESULTS */;
/*!40101 SET COLLATION_CONNECTION=@OLD_COLLATION_CONNECTION */;
